content,comment_count,date,notice_date,broad_time,want_say,todos,youtube
"자 반갑습니다 사랑하는 턱붕이 여러분 2월 14일 명예훈장 방송 공지입니다★!

제가 예전부터 즐겨했었던 명조에서 너무 감사하게도 광고가 들어왔습니다~~~ 야호!!!!!!

저녁 8시에 광고 진행을 하는데요! 근데 오늘 의문의 게스트가 있습니다.
근데 또 마침 발렌타인 데이네요..... 오늘 8시부터 진행하고요 ㅎㅎ 끝나고 게스트분과 컨텐츠도 있습니다ㅎ

오늘도 유튜브 올라왔으니 다들 좋아요 많이 눌러주시고 구독 많이 눌러주시구요!

https://chzzk.naver.com/5d53f8fa5bef9...

생방송은 저녁 8시에 오시면 되겠습니다 허허 그럼 이따 뵙겠습니다 ㅎ",0,1일 전,2월 14일,저녁 8시,발렌타인 데이 특집!,광고 진행 후 게스트와 컨텐츠,업로드
"반갑습니다 사랑하는 턱붕이 여러분!
2월 12일 방송 공지입니다!

오늘 9시에 배그 합방 있습니다!
멤버 : 채현찌 명예훈장 고수달 백곰파

오랜만에 총좀 쏴보자구ㅎ

저는 지금 머리 커트하러가는중
9시 근처에 올 가능성 매우 높음!!

조금 일찍오면 태초런 하다가 고고해볼게요ㅎㅎ
명튜브도 올라왔으니 재밌게 봐주십시오ㅎㅎ

좋아요&구독은 큰 힘이 됩니다!

﻿",0,3일 전,2월 12일,9시,총좀 쏴보자구ㅎ,배그 합방,업로드
"반갑습니다 사랑하는 턱붕이 여러분! 2월 11일 명예훈장 방송 공지입니다! 

​

우선 오늘의 유튜브 영상 업로드 완료!

다이아 게임~~~~ 오랜만에 마크 서버 넘 재밌었습니다 ㅋㅋㅋ

​

고봉밥으로 왔따!! 좋아요*구독 많이 눌러주시고 재밌게 봐주십셔 ㅎ

​

오늘 방송 9시 좀 넘어서 오도록 하겠습니다 !!

카페 보고 태초 먹고 오랜만에 영도 보스 레츠고!

​

이따 뵙겠습니다!!
좋아요 많이 눌러주세요!!",0,3일 전,2월 11일,9시,사랑하는 턱붕이 여러분!,마크 서버 다이아 게임,업로드
"오늘 휴식.
열심히 일했음.
내일 유튜브 대령하겠음.
좋은 저녁.",0,4일 전,오늘,없음,"휴식, 열심히 일했음",없음,미업로드
"반갑습니다 사랑하는 턱붕이 여러분! 2월 9일 명예훈장 방송 공지입니다!

오늘 생방송 초대석!!!!!
주인공은 바로

제로 컨트롤 1위 [르헤솔] / 카데나 컨트롤 1위 [식중땐]
듀얼 초대석입니다 ㄷㄷㄷㄷ!!

집에 초대해서 오늘 진행하고요 ㅎㅎ
4시부터 방송합니다!!!

진행 순서 : 제로 -> 카데나

오늘 한 캐릭터의 정점분들께서 최대치의 성능을 내는 모습 보여드린다고 합니다!!
다들 많이 기대해주시고 저도 제로 복귀 뉴비 입장에서 많이 배워가도록 하겠습니다!
(카데나는 구경만.. 할게요ㅎㅋㅋ)

저는 남은 시간동안 오늘 올라올 유튜브 썸네일 수정해서 유튭 영상도 맛난거 올려드리겠습니다!!!
올라오면 좋아요&풀 시청 레츠 고 +_+
(예정 영상 : 채현 명훈 강지형 임나은 4인 합방 / 다이아 게임 영상)

조금만 기다려주시고 다시보기&명튜브 재밌게 보고 계시다가 이따 생방송에서 만나요!

생방 주소 : https://chzzk.naver.com/5d53f8fa5bef9...

이 글 좋아요 많이 눌러주세요!!!!!",0,6일 전,2월 9일,4시,최대치의 성능을 보여줄게,제로 컨트롤 1위 [르헤솔] / 카데나 컨트롤 1위 [식중땐] 라이브방송,업로드
"반갑습니다 사랑하는 턱붕이 여러분! 2월 8일 명예훈장 방송 공지입니다!
메던로의 날이다!!!!

유튜브 업로드 아침에 완료!!!!! 메던로를 정복한 사나이의 소신 발언 영상 올라왔습니다!!
+어제 메튜브 호영 스펙업/제로 영상도 업로드 했으니 재밌게 봐주시고 좋아요&구독 많이 눌러주세요!
다시보기 채널도 베누스 강림 클리어 영상 싹다 올라왔슴다 ㅎ!

요즘 순항중이군요 좋습니다 턱붕이분들 영상 많이 봐주시고 좋아요 꼭꼭 부탁드려요 큰 힘이 됩니닷!!!!
일요일에 릴스도 하나 올려보고 쇼츠각 있으면 구상해서 만들어봐야지!

오늘 방송은요! 오랜만에 낮방이네요 ~ 3시 전에 딱코로 올듯!!!!!
3시 = 로아 스트리머 파티 3막 갑니다!! 저번에 명훈사기단에게 붙잡혔는데 오늘은 빠르게 탈출.. 가능하겠지..?

일정 끝나고 던파 태초 먹으러 ㄱㄱ!!!!

9시 메이플 하드 림보 있습니다!

오늘도 메던로 한번 달려봅시다!!!! ㅋㅋㅋ
이따 봐요★",0,7일 전,2월 8일,3시,메던로 한번 달려봅시다!,"로아 스트리머 파티 3막, 던전앤파이터, 메이플스토리",업로드
"반갑습니다 사랑하는 턱붕이 여러분! 2월 7일 명예훈장 방송 공지입니다!

오늘의 방송 일정!
로아.. 이대로 괜찮은가?? 7시 로스트아크 긴급 라이브 ㄷㄷㄷ..

어제 던파 최종 컨텐츠 베누스까지 잡으면서 이제 메/던/로 완벽하게 정복해버렸습니다

메이플 : 하드 림보 클리어 (현 최종 컨텐츠) - 호영 환산 10.8 직업 랭킹 TOP 5
로스트아크 : 3막 클리어 (현 최종 컨텐츠) - 블레이드 랭킹 9위
던전앤파이터 : 베누스 클리어 (현 최종 컨텐츠) - 베가본드 클리어 랭킹 51위

이렇게 찍어버렸네요 허허ㅎㅎ

라이브 보면서 배트발언 한번 가보도록 하겠습니다.ㅋㅋㅋ
6시 40분쯤 올 예정입니다!!

그리고 오늘 명조 특별 방송도 같이 보기로 했는데
로아 라이브가 좀 길어질 경우에는 다시보기로 보는거로 하겠습니당!!
(요 부분은 양해 부탁드리옵니다!!!)

로아 라이브 끝나고 유튜브 본채널에 바로 업로드 될 예정이고,
명튜브도 영상 하나 올라옵니다! 이따 올라오면 좋아요 마구마구마구 부탁드려요잉

치지직,유튜브 커뮤니티 글들도 버프+좋아요 많이 눌러주십쇼!",0,8일 전,2월 7일,7시,턱붕이 여러분 반갑습니다!,로스트아크 긴급 라이브,업로드
"반갑습니다 사랑하는 턱붕이 여러분! 2월 6일 명훈 방송 공지입니다!!

오늘 방송은 9시쯤 오도록 하겠습니다!

​

방송 일정 : 9시20분 on , 카페 -> 던파 스펙업 -> 신규 보스 베누스 눈나 맛보기 ㄱㄱ
★(*공지 수정 !!!!! 오늘 방송 9시 20분입니다!!!!!!)★
이 누나 걍 미쳤슴;;;;;;;;;;;;;;;;

​

어제 스펙업 하니까 명성이 많이 올라서 도전해볼만한 것 같슴다!!!!!

오늘 태초 무기 하나만 먹으면.... 더 할만하지 않을까 허허허ㅓㅎ

​

+ 어제부터 인스타 다시 시작했는데

팔로우도 많이 부탁드립니다 ㅎㅎ 주소▼ 재밌는거 많이 올려볼게여! +소통ㅋㅋ

https://www.instagram.com/ddinghoon1/

그리고 오늘 캠 세팅도 정상화 완료했습니다! 악몽이가 와서 이것저것 체크해줬는데

이따 오셔서 한번 확인 같이 ㄱㄱ 부탁드림다 ㅎㅎ

​

9시쯤 봐용!

생방은 치지직 : https://chzzk.naver.com/5d53f8fa5bef9...

이 글 좋아요 많이 부탁드립니다!!!!!",0,9일 전(수정됨),2월 6일,9시 20분,사랑하는 턱붕이 여러분!,던전앤파이터 스펙업 및 보스 베누스 눈나 맛보기,미업로드
"반갑습니다 사랑하는 턱붕이 여러분!! 2월 5일 명예훈장 방송 공지입니다!!!

완전 푹 쉬고 왔어요!!!


역시 휴식이 필요하군ㅎㅎ 가끔 푹 자고 와서 컨디션 회복하고 또 열심히 달려보겠습니다!

오늘 방송은요!! 8시쯤 오겠습니다!


수요일 막차입니다. 호영/제로 보스부터 갑시다!
어제 비방 하드 림보도 깨고 왔습니다!(노득함ㅎㅎ;)



오늘 던파 태초 런은 새벽 달리기가 있을 예정입니다!!ㅋㅋㅋ

아쉽게 휴방때 태초도 안나왔네요 방송에서 먹으라고 안줬군 ㅎㅎ ㅇㅋ 오늘 먹어줄게



그리고 오늘 추가로 할 컨텐츠 ~ 인스타 릴스 같이 올려보기 해보겠습니다 ㅋㅋㅋ(처음 올려봄)
최근 쇼츠에 메던로 영상 올렸는데 조회수가 계속 잘 나오고 있더라고요!


쇼츠 잘 나올만한거 있으면 이제 인스타에도 같이 올려볼 예정입니다!! 올리면 좋아요 같이 눌러주세요ㅎㅎ

그래서 오늘 앞부분&문구 수정본 가져왔는데 투표하고 둘중에 하나 올려볼 예정입니당ㅎ



유튜브 던파 영상도 올라왔으니까 잠깐 유튜브&다시보기 채널 보고 계시다가 8시에 생방송에서 봐요!




이 글 좋아요 많이 눌러주세요!!",0,10일 전,2월 5일,8시,완전 푹 쉬었어요!,"던전앤파이터 태초 런, 인스타 릴스",업로드
"반갑습니다 사랑하는 턱붕이 여러분!

어제 21시간 방송 덕분에 너무 잘 마쳤습니다 허허허

​

오랜만에 마크 다이아 게임 서버 채현이한테 초대받아서 들어갔었는데

다들 많이 도와주셔서 하루만에 다이아 정산 완료했습니다 감사합니다!!!

​

api 도파민 역대급 서버였던 것 같습니다 ㅋㅋㅋㅋㅋ..

이 정도 화력은 처음 겪어보는데.. 지금까지 한 서버에서 하루만에 제일 많이 터진 것 같아...

다시보기 작업해서 언넝 올려드릴게요 + 이번 서버는 편집도 들어갑니다ㅋㅋㅋ

덕분에 너무 재밌게 즐겼씁니다 턱붕이분들 고마워요!!

​

명튜브 오늘의 업로드 : 

​

산악회 종겜 페인 업로드 완료했슴다!!!


원래 월요일 휴방이였는데

이번에 쭉 달려버려서

​

화요일 휴방을 진행할 예정입니다

매우 낮은 확률로 (태초 뜰 확률급) 화요일날 올 가능성도 있습니다

​

+어제 파피플레이타임 챕터4도 유튜브 올라왔으니 명튜브 많은 사랑 부탁드립니다!!

​

항상 감사합니다!",0,11일 전,어제,21시간,턱붕이 여러분 사랑해요!,마크 다이아 게임 서버 플레이,업로드
"반갑습니다 사랑하는 턱붕이 여러분!!! 2월 2일 명예훈장 방송 공지입니다!
오늘 방송 7시 ON!!!!
7시20분 방송으로 수정되었습니다 죄송해요우!!

어제 턱버거 당첨자분들 매니저님께서 1대1채팅/쪽지로 보내주셨어요! 확인 부탁드립니다!
오늘도 10개 뿌리겠습니다!ㅋㅋㅋ

레전드 레전드 일정 드가자

저 왜 던파 8캐릭이 되어버렸죠..?ㅋㅋㅋㅋㅋ
태초를 못 먹으면 캐릭터를 늘리면 되는거였어..
1일 1태초 먹으러가봅시다!!!

오늘 좀 달리다가~~
9시에 메이플 현 최종보스 하드림보 ㄱㄱ해보겠습니다! 최종템 1800억짜리 나오는데 오늘 과연?!

림보 끝나고 추가 달리기 ㄱㄱ!

달리기 끝나고 오늘 후열로 명조 탑 밀기 하고 방종할 예정!!
이따 봅시다!ㅎ

심심하신분들은 명튜브+명튜브 다시보기+쇼츠 레츠고!!!!!!
이 글 좋아요 많이 부탁드려요!!!",0,13일 전(수정됨),2월 2일,7시20분,사랑하는 턱붕이 여러분!!!,"레전드 일정, 메이플 현 최종보스 하드림보, 명조 탑 밀기",미업로드
"반갑습니다 사랑하는 턱붕이 여러분! 2월 1일 명예훈장 방송 공지입니다!
1월이 엄청 바쁘게 지나갔다!!!!

오늘 공지가 좀 늦었죠 허허허 어제 던닝크루 아침까지 달리고 오늘 낮에 로아 3막까지 비방으로 다녀오니까
좀 피곤했는지 잠깐 잠들어버렸습니다 허허

오늘 10시10분 전으로 방송 키겠습니다!
반드시 달려야지!!!! 어제 드디어 태초 먹었는데 오늘도 한번 먹어보자!
+턱버거 10개 슛 갑니다!!

명튜브 오늘의 소식!
갱스턱 회식 후기 + 메/던/로 멀티태스킹 쇼츠 영상까지 올라왔습니다!!
쇼츠 조회수 속도 개빠른데?!ㅋㅋㅋ 이번에 좀 재밌긴 소스긴해서 금방금방 오르네요
유튜브 재밌게 봐주시고 좋아요&구독은 언제나 큰 힘이 됩니다! 아직 안누르신분들 구독 부탁드립니다ㅏㅏ",0,13일 전,2월 1일,10시10분,턱버거 10개 슛 갑니다!,갱스턱 회식 후기 + 메/던/로 멀티태스킹 쇼츠 영상,업로드
"반갑습니다 사랑하는 턱붕이 여러분! 1월 31일 명예훈장 방송 공지입니다!




어제 파피플레이 타임 챕터 4 오픈런! 2시에 나왔는데 끝까지 함께 봐주셔서 감사합니다!

다시보기 채널에 어제 바로 올렸슴요! 편집본도 곧 올려드리겠습니다!ㅎㅎ


그리고 오늘 유튜브 영상 업로드 완료!!!!



오늘 9시쯤 오겠습니다! (영상 보고 계셔주시면 금방 시간 갑니다 하하)
​

1500판 노태초.. 던파 어제 태초 미션 걸어주신분들 오늘은 먹을게요 ㅋㅎ

이따 봅시다!",0,2주 전,1월 31일,9시,사랑하는 턱붕이 여러분!,1500판 노태초 먹이기,업로드
"반갑습니다 사랑하는 턱붕이 여러분! 오늘 방송 일정 공지입니다!
파피 플레이 타임4가 원래 오늘 나온다고 했다가 조금 밀렸네용 새벽 1시라고 합니다!!!!
오픈런 가보겠씁니다ㅋㅋ 명작 공겜이라서 좀 기대중;;

오늘 일정 8시 10~20분쯤 방송 ON!
어제 올려놨던 메이플 닉네임 [격투] 판매가격 확인하기!!
8시 10분 or 20분에 마감이네요!!! 닉네임 관심 있는 분들은 레츠고 ㅎ
+ 오늘은 스톰 올려놓을 예정입니다!!

확인 이후에 던파 태초 달리기!! 어제 영도 부분 제거해서 다시보기 업로드 되었씁니다!
오늘은 태초 진짜 먹자!!!!!! 진짜 먹고 싶다!!!!! ㅋㅋㅋㅋㅋ

후 이따 뵙겠습니다 ㅎ 오늘도 잘 부탁드려요!!
공지 좋아요 많이 부탁드립니다!!!!!!!!!!!!

생방송은 치지직 : https://chzzk.naver.com/5d53f8fa5bef9...",0,2주 전,10월 15일,8시 10~20분,닉네임 판매 마감 안내,"메이플 닉네임 확인, 스톰 게임 플레이, 던전앤파이터 태초 달리기",업로드
"반갑습니다 사랑하는 턱붕이 여러분! 1월 29일 명예훈장 방송 공지입니다! 

​

오늘은 7시정도에 올 예정입니다~~~~~

​

그거 아시나요 명튜브에는 산악회 설날 특집 종겜 합방 편집이 2편이나 올라와있다는 사실~~

매우 빠르게 편집해주셨씀다 ㅎ 

명튜브 맛있게 드실 수 있도록 쭉쭉 올려드릴게요! 구독&좋아요 꼭꼭 부탁드립니다!!!!

(다시보기도 올라와있음!!)

​

와서 카페 보고 -> 오늘 메이플 밀린 보스 3캐릭이 있따.. 진짜 후딱 돌아볼게요 ㅋㅋㅋ

오늘 영도 보스 ㄱㄱ 

​

어제 던파 태초를 맛보기 위해 새로운 캐릭터 아수라도 키워놨습니다

마음에 들어서 이 친구로 태초 먹겠습니다 (사실상 오늘이 태초 도전 2일차임 ㅇㅇ)

​

태초런 오늘 새벽 예정입니다 ㅎ

이따봐요!

이 글도 좋아요 마니 부탁드림다!!!!!!!!!",0,2주 전,1월 29일,7시,명튜브 산악회 특집 공개!,"메이플 밀린 보스, 영도 보스, 던전앤파이터 태초런",업로드
"반갑습니다 사랑하는 턱붕이 여러분!

새해 복 많이 받으세요 ~!

오늘은 산악회 종겜 2일차로 찾아뵙겠습니다!!

어제 스타 카트 롤 페인까지해서 아침 6시까지 달림ㅋㅋㅋ

다시보기 채널 빠르게 올라왔으니 재밌게 봐주십셔!!+오늘 유튭도 올라올 예정!!!!

오늘 방송은 한 7시쯤 와서 던닝크루부터ㄱㄱ 하고 

종겜 합방 8시부터 ㄱㄱ하겠슴다~~ 이따 봐요

오늘은 태초묵자ㅋㅋ
﻿",0,2주 전,산악회 종겜 2일차,7시,산악회 종겜 2일차!,던닝크루부터 시작 후 종겜 합방,업로드
"바로 킬게요 하 일어나자마자 삼식형 태초 먹었다고해서 기분 상쾌하네요 ^^

오늘 게임 여러개 예정되어있습니다!
재밌게 봐주세요잉 ㅎ + 오늘 유튜브도 올라왔으니 구독&좋아요 레츠고!~

8시 종겜 스타트입니다!!!!!",0,2주 전,,8시,재밌게 봐주세요!,여러 게임 예정,업로드
"반갑습니다 사랑하는 턱붕이 여러분!

오늘 할거 많네요ㅎ 1월 26일 방송공지~~

방송 8시 ON 노가리 + 사과 게임 잠깐 찍먹!!

9시~10시쯤 메이플 닉 판매 나와서 안쓰던 닉네임 좀 팔겠습니다! (닉네임 하나만 먼저 말씀드리면 '날먹' 팝니다ㅋㅋ)

이후 메이플 보스ㄱㄱ

중간에 던파 태초 묵으러 함 달려도봅시다

오늘 할거 걍 짱많음 레츠고 다들 새해 복 많이 받으시고

유튜브 많은 사랑&구독 부탁드립니다요!!

﻿",0,2주 전,1월 26일,8시 ON,새해 복 많이 받으세요!,"노가리 + 사과 게임, 메이플 닉 판매, 메이플 보스, 던전앤파이터",업로드
"오늘 공지가 좀 늦었죠 허허

내용이 내용인지라 다들 걱정하실까봐서

일부러 늦게 적었습니다 

로아 산악회는 이제 마무리입니다!!!

고생했다 산악회..!!

지금까지 응원해주신 모든분들 감사합니다

그래도 종겜 산악회는 남아있습니다

조만간 공지 영상 올려드릴게요!!

내일 방송에서 뵙겠습니닷!!

﻿",0,2주 전(수정됨),오늘,내일,산악회 고생했다!!,종겜 산악회 마무리,미업로드
"1월 25일 방송 공지!!

곧 킵니다 ㅎ

오늘 뭔가 있어서 공지가 늦었어요잉
카페에서 추가확인 부탁드립니다ㅎㅎ

이따 봅시다!

﻿",0,2주 전,1월 25일,곧 시작,공지가 늦었어요잉,추가확인 부탁드립니다,미업로드
"반갑습니다 사랑하는 턱붕이 여러분!! 으아 로아 이번 3막 엄청 빡셌다 ㅠㅠ!!!!
그래도 2일만에 클리어 완료.... ㅋㅋㅋ 다들 응원해주셔서 감사합니다!
전체 순위는 6등이네요

후후 잔혈까지 나이스 +_+ 스펙업 한 보람이 있었습니다 도와주신분들 너무너무x999 감사합니다ㅎ!
산악회 다들 고생많았다!!!

저는 오늘 배터리 방전입니다 일좀 하면서 쉬도록 하겠습니다 ㅎ
유튜브 또 올라왔으니 재밌게 봐주시고 다시보기 채널도 많이 사랑해주세요!

항상 시청해주셔서 감사합니다! 좋은 저녁 보내세요!",0,3주 전,,,배터리 방전으로 쉬는 날,없음,업로드
"반갑습니다 사랑하는 턱붕이 여러분!! 1월 23일 방송 공지입니다!

오우 어제 26시간 트라이....하고 잠깐 자고 왔습니다ㅋㅋㅋ 아직 3막을 못 깼다.....
오늘 아침에 갑자기 정상화 패치를 해서 후반 진도를 나가야되는데 초반 진도를 다시 빼게 되었습니다ㅠ 크흡..

방송 일정 공지!!

3시 : 명조 광고!!!! 제가 요즘 진짜 재밌게 하는 모바일게임 띵조에서 연락이 왔습니다 와ㅏㅏ
오늘 새로운 캐릭터 로코코도 나왔다고 하는데 카멜리아랑 같이 쓴다고 해서 한번 뽑아보겠습니닷!!!!!

7시 : 산악회 로아 3막 리트라이

이렇게 예정되어있습니다!
오늘 유튭 컨펌 빠르게 하고 유튭 영상도 올라올 예정입니다 영상 올라오면 좋아요 마니 눌러주세용!",0,3주 전,1월 23일,"3시, 7시",새로운 캐릭터 띵조에서 뽑기!,"명조 광고, 산악회 로아 3막 리트라이",업로드
"반갑습니다 사랑하는 턱붕이 여러분!
내일 드디어 로아 신보스 3막 나옵니다!
오랜만에 카멘형님 나와서 좀 긴장되네요 ㅎ;

어제 3막 대비 산악회 강화+스펙업 등등 해놨습니다 어제 팔찌 레전드..ㅋㅋㅋㅋ 다시보기 채널 꼭 보십쇼!

오늘은 일들 처리좀 하고 + 머리 커트 + 밀린 숙제 하고 있습니다
휴방하고 내일 아침 일찍 오겠습니다 (아침 9시 예정)

유튜브에 오랜만에 공포게임 미사이드 했던거 올라옵니다!!!
이번에 새로운 편집자님 오셔서 유튜브 종겜&메이플 많이많이 올라갈 예정! +로아도!!
많은 기대 부탁드립니다 항상 열심히 하겠습니다

다들 오늘은 제가 없지만 영상 맛있게 드시고 계세요잉
좋은 저녁 보내고 낼 보자 ~",0,3주 전,내일,아침 9시 예정,로아 신보스 3막 대비,공포게임 미사이드 플레이,업로드
"1월 20일 명훈 방송 공지!
오늘 로아 스펙업 완료 상상 악세 + 상상+@ 맞춰왔습니다!
명튜브도 업로드했으니 좋아요+재밌게 시청해주세요!

메던로의 날이다!!
1부 로아 산악회
2부 메이플 림보 ㄱㄱ
3부 던파 태초 도파민 중독자 출격ㅋㅋ

이따 봅시다 오늘 8시 거의 딱 맞춰서 올듯용?",0,3주 전,1월 20일,8시,메던로의 날이다!,"1부 로아 산악회, 2부 메이플 림보, 3부 던파 태초 도파민 중독자 출격",업로드
"반갑습니다 사랑하는 턱붕이 여러분!
1월 19일 명훈 방송 공지입니다!

오늘 5시 10분 방송 ON~~ (메벤져스 5시 30분 스타트입니다!)
후 어제 열심히 달리고 자고 왔씁니다 오늘 메벤져스 라스트댄스 검은마법사 쭉 달려보자구!!

사실상 오늘이 마지막.. 아름다운 마무리가 되길ㅋㅋㅋㅋ
메카닉 정 많이 들었는데 이제 떠나보낼때가 됐네요..

이따 봅시다!ㅎ",0,3주 전,1월 19일,5시 10분,메벤져스 라스트댄스 검은마법사!,메벤져스 라스트댄스 검은마법사 플레이,업로드
"#광고
반갑습니다 턱붕이 여러분!
이번에 좋은 기회가 있어서 커뮤니티 게시글에 홍보 요청을 받았습니닷!!!

바로바로
성균관대학교X마이크로소프트
K-Digital 선도기업 무료교육입니닷!!

관심 있으신분들은 한번 지원해보시면 좋을 것 같아용 :> !!

[MicroSoft X 성균관대학교]
고용노동부 주관 K-Digital 선도기업 무료교육

교육참여기업 : MicroSoft, 가비아, 시스코, 레드햇, 에스코어, 아마존 AWS, 성균관대학교 

- 참여자 교육혜택 : 
●교육비 전액무료 및 훈련참여 정부지원금 매월 최대 81.6만원(국민취업지원제도1유형시)
●IT기초 및 자격증 온라인 강의 무료 지원
●관련 계열사 및 협약기업 채용연계
●취업멘토링 및 모의면접 무료지원
●일본 취업 무료지원
●프로그래머스 코딩테스트 PCCE 시험응시료 전액지원
●기존 국비지원 교육 수료생도 전액무료 지원가능(K-Digital 참여시 불가)

📢  신청 및 문의 링크 : https://forms.gle/6tkd77jGP7RSedRv9
         
📢 교육과정 상세보기 :
 
- 개발자 교육과정 1 : https://www.soldesk.com/JS_edu_01/?id...

- 개발자 교육과정 2 : https://www.soldesk.com/JS_edu_01/?id...",0,3주 전,2022.01.20,20:00,K-Digital 무료교육 소개,K-Digital 교육프로그램 소개,미업로드
"반갑습니다 사랑하는 턱붕이 여러분 명예훈장입니다
1월 18일 방송 공지 ㄱㄱ 잘잤따

오늘 6시 30분에 오겠슴다

1부 - [퍼스트 버서커 : 카잔] 넥슨 신작 소울류인데 이번에 체험판 느낌으로 나왔다고 합니다!!
엘든 링 넘 재밌게해서 이런거 나오면 한번씩 해보겠슴다 ㅎ

2부 - 명조 2.0 스토리 밀기 + 컨텐츠 다 퍼먹기 ㄱㄱ
저번에 카를로타 풀돌풀재 다 해놓고 활공까지 뚫어놨어요 스토리 쭉 밀어보겠습니당!


이따 봅시다!",0,4주 전,1월 18일,6시 30분,반갑습니다 턱붕이 여러분,[퍼스트 버서커 ,미업로드
"1월 17일 명예훈장 방송 공지 ! 반갑습니다 사랑하는 턱붕이 여러분!

어제 합방을 10시간 넘게 했네요 ㅋㅋㅋ 뻗고 왔습니다..
낮에 유챔하려고 하는데 오늘은 일정 진행하고~ 이후에 유챔하겠씁니다ㅎ!

8시 10분에 방송 ON 할게요!!

9시 : 마블 라이벌즈 합방!! 이거 마블에서 나온 오버워치 느낌 게임이라고 하는데 엄청 재밌다고합니다 ㄷㄷ
캐릭 추천좀 부탁드립니다 ㅋㅋ
오늘 멤버 : 명예훈장,장마군,델로략국,마레플로스,그리고 원래 핑맨형이였는데 핑맨형 아프다고해서 4인으로 ㄱㄱ합니다!!!

끝나고 유니온 챔피언 레츠고~~~~~~!!

항상 시청해주셔서 감사합니닷!!!! 유튜브 영상+다시보기 채널도 많이 봐주십쇼 ㅎ!",0,4주 전,1월 17일,8시 10분,합방 10시간 넘게 함,마블 라이벌즈 합방,업로드
"반갑습니다 사랑하는 턱붕이 여러분 1월 16일 명훈 방송 공지입니다 ~

오늘의 일정 4시쯤 방송 on ~~
*일 때문에 430으로 시간 변경합니다!!!!

4시~6시까지 유챔 맛보기!
6시부터 마리오파티 합방! [with 채현찌,임나은,강지형]
마리오파티 이후에 라이어스 바까지 진행 예정입니다!

메이플 유니온 챔피언 변경 뭐임ㄷㄷㄷㄷㄷㄷ;;;;;;
난이도 개빡인데요!? 오늘 와서 호영+제로부터 가볼게요

노말칼로스 때문에 에반,불독 둘중 하나 스펙업 해야될듯.. ㅠ
갑자기 본섭 들어올때 바뀌네요 일단 4캐릭은 어찌저찌 될듯합니다 ㅋㅋ

2캐릭은 천천히 키워봅시다..

합방 끝나고 유챔 마무리 진행해볼게용!
오늘 유튭 영상 올라올 예정입니다 어제 올라온 영상도 재밌게 시청해주세요!!
+다시보기 채널도 많은 사랑 부탁드림다!",0,4주 전(수정됨),1월 16일,4시부터,"유챔 맛보기, 마리오파티 합방!","유챔 맛보기, 마리오파티 합방",업로드
"반갑습니다 사랑하는 턱붕이 여러분! 1월 15일 명예훈장 방송 공지입니다!

어제 메벤져스 첫 검마 트라이.. 쉽지 않았다.. 일단 1시간 생존을 목표로!!

오늘 트라이 단 2번 가능합니다! 메카닉 개빡딜 보여드리겠슴다

메벤져스 4시 검은마법사 출격 / 오늘 방송은 3시 30분쯤 오도록 할게요!

이후에 트라이하게되면 각자 일정도 있고 노블 스킬을 2번 못 써서 클각이 좀 빡셀 것 같습니다 ㅠ(시간이 더 있어야될듯..)
많이 응원해주십셔!! 깨보자!

메벤져스 검마 트라이 끝나고! 오늘 드디어 명조 2.0 업데이트 확인하러 갑니다요!!
이번 달 일정이 너무 빡세서 드디어 맛봅니다 신캐도 나왔다고 해서 바로 가볼게요잉ㅎ
스토리는 오늘 보거나 아니면 주말에 몰아서 볼 것 같습니다!!ㅎ 이번에 되게 잘 나왔따고 해서 기대중!",0,1개월 전,1월 15일,4시,메카닉 개빡딜 보여드릴게요!,메벤져스 4시 검은마법사 출격,미업로드
"반갑습니다 사랑하는 턱붕이 여러분! 1월 14일 명예훈장 방송 공지입니다!
생방송 3시 30분 이전에 오겠습니다!!!

오늘 메이플 데이 ㄱㄱ!!

일정 : 5시 메벤져스
전원 270~271찍고 챌섭 15000점 달성해서 시드링까지 준비해놨습니다!

오늘 검은마법사 6인 최소컷 한번 도전!!

+끝나고 남은 보스 일정들도 싹 밀어놓겠습니다!
일정 맞춰주신다고 해서 곧 하드림보도 갑니닷 ! 오늘은 노말 림보로 2인 맛보기 해볼 것 같아용

이따봅시다!",0,1개월 전,1월 14일,3시 30분,반갑습니다 턱붕이 여러분!,"메이플 데이, 메벤져스 전원 270~271찍기, 검은마법사 6인 최소컷 도전, 보스 일정 소화, 노말 림보 2인 맛보기",미업로드
"반갑습니다 사랑하는 턱붕이 여러분 ! 1월 13일 명예훈장 방송 공지입니다!!

오늘 7시 30분 ON!!!!
투데이 일정 : 8시 산악회! 오늘 3막 함께가실 새로운 멤버 건슬님 오셨습니닷! 레츠고~

산악회 끝나고! 오늘 산악회 끝나고 뒤풀이 없으면 2부 롤 배치 볼 예정!!
이따 봅시다 +-+ b

어제 유튜브 영상 벌써 좋아요 1000개 넘었더라고요 허허 영상도 재밌으니 시청도 한번씩 고고 부탁드림다ㅎ!
+나중에 재밌는거 있으면 함 또 해보겠슴다 ㅎ",0,1개월 전,1월 13일,7시 30분,사랑하는 턱붕이 여러분!,"8시 산악회, 2부 롤 배치",업로드
"반갑습니다 사랑하는 턱붕이 여러분 !! 1월 12일 명예훈장 방송 공지입니다!!

어제 새로운 편집자님 모셨습니다!! 신청해주신 모든 분들 너무나도 감사드립니다!!

이번에 총 4개 분야에서 모집을 진행했는데요! (명튜브 롱폼,숏폼,후원이미지,구독티콘)

최종 결과는 롱폼 1분 합격, 숏폼은 편집자분들과 틀을 짜보고 진행해볼 예정이고
후원이미지와 구독티콘은 아쉽게도 영상까지 올렸는데 이 부분은 직접 발품 팔아서 아이디어 구상하는게 좋을 것 같더라고요! 편집자님들께서 아이디어랑 그림까지 그려주셔서 조만간 적용해보지않을까 싶습니다!!!! 조금만 더 기다려주세요!!

그렇게 해서 명튜브가 이제 총 3분의 편집자님과 함께합니다!! (오늘 새로운 편집자님 영상+기존 편집자님과 합본 해서 올라옵니다)
짝짝짝

어제 최종면접보고 바로 밀렸던 회의 진행하느라 거의 몇시간을 달려버렸다....!

앞으로도 재밌는 영상 많이 올려드리겠습니다!! 오늘은 저번에 채현이랑 했던 2인 배그 우결(?) 영상 올라올 예정!
저는 영상 확인하고 업로드 한 뒤 오늘 방송은 9시쯤 오겠습니다! 이따봅시다!
(영상도 수정사항 따로 없으면 9시 전에 올라옵니다!)

유튜브 알림 해주시고 영상 올라오면 좋아요&구독 많이 부탁드립니닷!!

""https://youtu.be/Fv2jjQy8pSc""
영상 올라왔슴다!!!!!! 조아요 부탁해요~~",0,1개월 전(수정됨),1월 12일,9시,새로운 편집자님 모셨습니다!,2인 배그 우결(?) 영상,업로드
"반갑습니다 사랑하는 턱붕이 여러분!!

어제 산악회 모임에 이어서 오늘까지만 휴방하도록 하겠습니다!
(현재 일하는중) 편집자님들과 회의중입니다!! 1시부터 회의중.. 유튜브 퀄리티 많이 올려서 오겠습니다!!!

+편집자 신청주신분들 오늘 2차 마지막 합격 발표 전달 드리겠습니다!!

오늘까지만 양해해주시고 내일부터 또 열심히 달려보겠씁니다!!!!
좋은 저녁 보내시고 맛있는거 많이 드십시오!!!!",0,1개월 전,2022년 3월 15일,1시,휴방 공지 및 회의중,휴방 및 회의,미업로드
"반갑습니다 사랑하는 턱붕이 여러분!!

1월 8일 명예훈장 방송 공지입니다~~

오늘은 휴방입니다 갱스턱 모임 다녀올게용

맛난거먹고옴 ㅎ 낼 목요일 메이플 테섭 리뷰 -> 겟투워크 예정임다! 낼보장

﻿",0,1개월 전,1월 8일,휴방,갱스턱 모임 다녀올게용,없음,미업로드
"반갑습니다 사랑하는 턱붕이 여러분! 1월 7일 명예훈장 방송 공지입니다!
오늘 4시 50분쯤 ON ! 오늘 메벤져스 모이는 날!!
메벤져스 스펙업+하드보스 다 돌고 합방 끝난 뒤
본캐 보스도 오늘 4캐릭 다 밀겠습니다!!!

이따 봐용~",0,1개월 전,1월 7일,4시 50분,명예훈장 방송 공지,"메벤져스 스펙업+하드보스, 본캐 보스 밀기",미업로드
"반갑습니다 사랑하는 턱붕이 여러분! 1월 6일 명예훈장 방송 공지입니다!!!

공지수정 * 7시 30분 방송 on => 8시 방송 ON으로 변경되었습니다!!

오늘의 방송 일정!
9시 : 김블루,허니츄러스,채현찌,명예훈장 배그 4인 스쿼드 있습니닷!!!
블루님이랑 K약속으로 배그 한번 하자고 말씀드렸었는데 이렇게 하게 되다니 영광입니다ㅋㅋㅋ

그리고 블루님의 제자 허츄님과 배그 파트너 채현이까지 오늘 버스좀 타보겠습니다ㅎ

끝나고 나서 팰 월드 레츠고!! ㅎㅎ

오늘도 일하느라 잠을 못 잤다..
명튜브 편집자 신청해주신분들 마지막 연락 드리고 오겠습니다!!!
신청해주신분들 너무너무 감사드립니다 (__)..!!!!!!

오늘 마셔볼래 영상도 올라왔으니 재밌게 봐주시면 감사드리겠습니다!! 좋아요 한번씩 꾹! +_+ 감사합ㅁ니다!",0,1개월 전(수정됨),1월 6일,8시,턱붕이 여러분 반갑습니다!,"김블루, 허니츄러스, 채현찌와 배그 4인 스쿼드 플레이",업로드
"반갑습니다 사랑하는 턱붕이 여러분! 1월 5일 명예훈장 방송 공지입니다!
오늘의 일정 : 산악회 8시!!

8시 전에 올게용! 준비좀 하고 씻고 오겠습니다!
이번에 새로운 멤버님이 오셨는데 건슬님께서 오셨네요 ㄷㄷ 산악회 건슬 복귀 오우..ㅋㅋㅋ

3막도 준비 잘 해보겠습니다 (__)!!!

유튜브 오늘 밤에 최대한 올려보신다고 편집자님께서 열심히 편집중이십니다!!

방송 일정 : 산악회 이후 팰월드!!!
1월 6일부터 합방 일정+편집자님 1차 합격자 모집 전달도 드려야돼서
너무 긴 방송은 안할 예정입니다!
편집자 신청해주신 모든 분들 감사합니다 오늘 방송 끝나고 싹 다 확인하고 연락드려보겠습니다!

1월 6일 월요일 밤 9시 w.허니츄러스,김블루,채현찌,명예훈장 배그 합방!
1월 7일 화요일 메벤져스 오랜만에 모입니다! 상위 보스 도전!!
1월 8일 갱스턱 현실 만남 휴방
1월 9일 메이플 유니온 챔피언 테섭 정도?!


이따 봐요~",0,1개월 전,1월 5일,8시,산악회 8시 시작합니다!,산악회 후 팰월드,업로드
"사랑하는 턱붕이 여러분 반갑습니다 1월 4일 명예훈장 방송 공지입니다!

오늘 방송은 1시쯤 오도록 하겠습니다!
1일차 27시간 2일차 27시간 방송 하고 와서 좀 자고 왔네요 ㅎㅎ

방송 일정 :
1시~8시30분까지 팰 월드

8시 30분부터 오랜만에 현공공면 공포게임 + 라이어스 바 합방!

끝나고 팰 월드 or 휴식!

그럼 이따 뵙겠습니다 (__)
오늘도 잘 부탁드립니다!!",0,1개월 전,1월 4일,1시부터 시작,반가워요 턱붕이 여러분!,"1시~8시30분 - 팰 월드, 8시30분부터 - 현공공면 공포게임 + 라이어스 바 합방, 이후 팰 월드 or 휴식",미업로드
"1월 2일 명예훈장 방송 공지!!
사랑하는 턱붕이 여러분 반갑습니다

후 27시간 방송..... 미쳤군
팰월드 할때마다 너무 재밌어서 계속 달리게 된다..
잠깐 자고 왔습니다 충전 완료 ㅇㅇ 인간 전룡맨 어떤데
방송 12시전에 키도록할게요

서넹누나랑 채현이가 좀 앞서나갔더라고요 둘 다 자는 시간에 따잇해줄게ㅋㅋㅋㅋㅋㅋㅋㅋㅋ
일어나면 도태인거야 ㅋㅋ 수고해 ㅋㅋ

그리고 오늘 치지직 다시보기 2부가 계속 인코딩이여서 자고 일어나서 왔는데도 무한 인코딩이더라고요 ㅠ
유튜브 다시보기 작업 요청드렸습니다 (__) 시청에 불편을 드려서 죄송합니다!

+오늘 유튜브 우결영상 처음 올렸는데 좋아요&구독 마니 부탁드림다!!!!",0,1개월 전,1월 2일,27시간,턱붕이 여러분 반갑습니다,"팰월드, 인간 전룡맨",미업로드
"반갑습니다 사랑하는 턱붕이 여러분! 명예훈장입니다!
새해 복 많이 받으세요!

어제 2024년 여러분과 함께 마무리해서 좋았습니다 ㅎㅎ!!!!
2025년도 잘 부탁드립니다!

오늘 방송은! 1시에 와서 팰 월드 지누님 멀티서버 초대받아서 진행해보도록 하겠습니다!!! 오랜만에 팰월드 재밌겠다!!
이번에 대규모 업데이트도 했고 편의성도 엄청 패치했다고 해서 기대중입니다 ㅎ
채현이가 스타터팩 선물해줬다고 하는데 한번 달려봅시다 국가권력급 팰 가보자고~~

그리고 현재 1월 4일까지 [편집자님,쇼츠 편집자님,구독티콘+후원 이미지 공모중입니다!!!]
명튜브 공지 영상 한번 체크해주시면 감사드리겠습니다!

혹시나 확인 안해보신분들은 1월 4일까지 신청 가능하니 꼭!! 영상 확인해주시고 신청 부탁드립니다!",0,1개월 전,2025년 1월 1일,1시,새해 복 많이 받으세요!,팰 월드 지누님 멀티서버 초대,미업로드
"사랑하는 턱붕이 여러분 반갑습니다!
12월 31일 명예훈장 방송 공지! 2024년의 마지막 날입니다!

이번 한 해는 엄청 바쁘게 지나갔는데 저한테 의미가 큰 해였던 것 같습니다!!
좋은 사람들도 만나고, 새로운 인연도 생기고, 매번 더 열심히 해야겠다!!라고 생각한 것 같아요.

2024년에는 서버를 많이 참여했는데 턱붕이분들이 많이 도와주시고 응원해 주시고
편집자님들도 함께 열심히 달려주셔서 매번 행복한 마무리로 끝난 것 같습니다.
서버를 진행하면서 치지직으로 단독 송출을 결정하게 된 것도 있고?!

매번 진행할 때마다 다들 화력 지원을 해주셔서 너무 재밌게 즐겼습니다 하핳..ㅎㅎ

그렇게 약 1년 동안 방송한 시간은 무려 3,482 시간을 진행했습니다!!
1년이 8,760 시간이라고 하니 거의 1/3을 방송과 함께했네요 ㅎㅎ

저와 함께한 2024년은 재밌으셨나요?

오늘 방송은 이번 한 해를 돌아보며 여러분들과 함께 종소리 듣고! 2025년을 맞이해보겠습니다!
저는 오늘 8시 30분쯤에 올게요~

2024년도 너무 감사드렸고 2025년에도 더 나아가 보겠습니다! 2025년도 잘 부탁드립니다!!!

ps. 이번 한 해 저와 함께했던 모든 분들께!! 2025년은 더 잘 되고 행복합시다ㅎ 고맙습니다!",0,1개월 전,12월 31일,8시 30분,2024년 감사드립니다! 2025년도 잘 부탁드립니다!,이번 한 해를 돌아보며 종소리 듣기,미업로드
"오늘 7시 쫌 넘어서 옵니다~~

신창섭의 정상화 패치ㄷㄷㄷ 좋구요

일정 - 산악회 8시

이후 메이플 보스 싹 돌리기ㄱㄱ!

돈 마구마구 벌어봅시다

﻿",0,1개월 전,오늘,7시 이후,정상화 패치 진행 중,산악회 후 메이플 보스 돌리기,미업로드
"반갑습니다 사랑하는 턱붕이 여러분 명예훈장입니다!

휴방하려고 했는데 방송 켰더니 12시간을 해버렸어.. ㅋㅋㅋㅋㅋ
근데 어제 재밌긴했다..ㅋㅋㅋㅋ

유튜브 컨펌+텍스트 회의(?) 하다보니 또 12시네요ㅠ 좀만 자야지..

오늘 방송은요~ 6시쯤 와서 메벤져스 달려보겠습니다!
메카닉.. 정말 키우면 키울수록 개그튼 캐릭입니다 너무 약하다........
메벤져스 끝나고 어제 카데나 육성했는데 추가로 스펙업+육성 들어가볼게요 ㅎ

이따 뵙겠습니다 턱붕이분들~~ 점심 맛나게 드시고
오늘 유튜브 영상 완성되면 저녁에 또 올라올 예정입니다!
다시보기 채널+유튜브 마니마니 봐주세요 고맙습니다~~~",0,1개월 전,,6시,턱붕이분들 뵙겠습니다!,"메벤져스 플레이, 카데나 육성",업로드
"반갑습니다 사랑하는 턱붕이 여러분! 12월 28일 명예훈장 방송 공지입니다!

오늘 휴방을 할까 했는데요
에라이 그냥 방송가자!!
9시30분~10시쯤 올듯요 ㅎ

오늘 유튜브에 유튜브 편집자님,쇼츠 편집자님,구독티콘,후원 이미지 공지 올렸습니다!!+그리고 여러분들께 감사하다는 내용도 있으니 한번씩 봐주시면 감사드리겠습니다 ㅎㅎ(사랑합니다 여러분~)

카페 좀 보다가 유니온 챔피언 육성 본계정 [카데나] 한번 육성해볼 것 같습니다!!
슈레기 캐릭터를 키워봤으니 개좋은 캐릭터도 한번 키워봐야겠지?

일요일날 몬파도 있으니까 한번 맛좀 보겠습니다!!!
이따 봅시다! + 유튜브 다시보기+영상 재밌게 보고 계세요!!!",0,1개월 전,12월 28일,9시30분~10시쯤,휴방 고민했지만 방송가자!,"유니온 챔피언 육성, 몬스터 펌파",업로드
"반갑습니다 사랑하는 턱붕이 여러분! 12월 27일 명예훈장 방송 공지입니다!
오늘 한 6시 30분~7시쯤에 키겠습니다!!!

유튜브 편집자님 구인 공고 영상+구독티콘 공모 영상 찍고 올게요
커뮤니티에 올렸더니 제가 공지를 매일 써서 글이 아래로 가더라고요
이번에 유튜브에 올려서 확실하게 공지 ㄱㄱ할게요잉

요즘 컨텐츠가 너무 많아서 올리고 싶은게 너무 많습니다!!!! 진짜 좋은분 모시고 싶습니다 올라오면 많이 연락주세요!
*현재 명집자님 2분 계시고 모신다면 쇼츠 편집자 1분,메인 편집자 1분 모실 예정입니다!

일단 혹시 몰라서 메일 ㅇㅅㅇ! [mlchoins1@naver.com]

어제 게임 인급동 2등까지갔다!! ㄷㄷㄷㄷ 넘 감사합니다 음음 그래그래 방학의 메이플이구나
맛있게 드실 수 있도록 얼른 편집자님 추가모집해보겠습니다! 지금 계신 명집자님들도 많이 응원해주세요!
오늘도 명튜브 하나 더 올라올 예정!!!!!!
2등 스샷 찍은분들 카페에 올려주시면 감사하겠습니다 ㅎㅎ

오늘 방송은 그래서 뭐 하냐면
어제 마셔볼래 다시보기 같이 보고 -> 메벤져스 메카닉 육성 오늘 드디어 마스터리 코어 한번 열어보겠습니다!!
그리고 연말+연초부터 직업체험도 부활시켜보겠습니다~!

이번에 시퀀스가 나와서 극딜 딸깍 꾸욱 가능한데 특별한 직업 같은 경우에는
직업체험+장인초대석으로 모셔서 진행도 해볼 예정입니다!

이번 겨울도 잘 부탁드립니다!",0,1개월 전,12월 27일,6시 30분~7시,사랑하는 턱붕이 여러분!,유튜브 편집자 구인 공고 및 구독티콘 공모 영상,업로드
"오늘 마셔볼래 잼썼나요ㅎ

공방 오랜만인데 재밌게 달린듯ㅎㅎ

오 오늘 유튜브 조회수 ㅁㅊ넹; 감사합니닷..

당분간 메이플 달리다가 우결도 좀 올리겠습니다!!

봉누도 올라오면 좋아요좀 부탁드립니다요ㅎ

﻿",0,1개월 전,오늘,공방 오랜만인데 재밌게 달린듯,재밌게 달렸다! 감사합니다!,"메이플 스토리, 우결 올리기",업로드
"반갑습니다 사랑하는 턱붕이 여러분!
메리 크리스마스입니다 ㅎ
내일 (12월 26일) 목요일 저녁 7시에
치지직 공방 마셔볼래에 나가게 되었습니다~~
MC[한동숙,다주] 게스트[명예훈장,채현찌]

오늘은 낼 뭐 입을까하고 쇼핑좀 간단하게 했습니다 (100만원정도 ㅇㅇ)
8시 10분에 킬게요 오늘은 짧방입니다 낼 뭐 입고 갈지 평가좀요 ㅎㅎ",0,1개월 전,12월 26일,저녁 7시,메리 크리스마스!,치지직 공방 마셔볼래,미업로드
"반갑습니다 사랑하는 턱붕이 여러분!
12월 24일 방송 공지입니다!

6시 방송 ON!!!!
8시까지 메벤져스 메카닉 육성 점검! - 6차도 진행하겠습니다!

8시 - 봉누도 갱스턱 구구덕!!

11시 - 메벤져스 전원 260찍고 모입니다!!

이따 뵙겠습니다!",0,1개월 전,12월 24일,6시 ~ 11시,사랑하는 턱붕이 여러분!,"메벤져스 메카닉 육성, 봉누도 갱스턱, 메벤져스 260찍기",미업로드
"반갑습니다 사랑하는 턱붕이 여러분!
오늘 방송은 8시 로아 업데이트 이후 산악회 모임!!!!
8시 전에 바로 키겠습니다~",0,1개월 전,8월 15일,8시,산악회 모임 시작!,로아 업데이트 후 산악회,미업로드
"오늘 방송 6시!
메벤져스 하드데미안 도전 - 이후 235 찍고 하드루시드 도전!

어제 끝나고 다들 추가 스펙업 진행했는데 확인하고 오늘 235 찍고 하드루시드 6인 최소컷까지 가보겠습니다!
(과연 될까?)

그리고 어제 경험치 관련해서 정상화 하자고 얘기가 나왔습니다!
오늘 모여서 공지드리겠습니다 이따봅시다!

+그리고 오늘 유튜브 다시보기가 유튜브 본채널 작업때문에 업로드가 좀 늦어졌습니다
다시보기는 방송 끝나고 저작권 이슈 없으면 최대한 빠르게 올려드리겠습니다 (__) 미안합니다
(치지직에는 유튜브 다시보기 올라오고 올라옵니다)",0,1개월 전,오늘,6시,추가 스펙업 진행 및 하드루시드 도전,메벤져스 하드데미안 도전 후 235 찍고 하드루시드 도전,미업로드
"반갑습니다 사랑하는 턱붕이 여러분!!!
오늘 방송 5시 20분 스타트이빈다!

챌린저스 서버 방송인 모임 [메벤져스] 첫 출격날! 오늘 목표는 하드데미안 클리어 가봅시다!

[최종 목표 : 검은마법사 무과금 6인 파티 클리어]

오랜만에 방송인 어셈블.. 그리고 직업도 다 레전드입니다 이거 진짜냐ㅋㅋㅋㅋㅠ
어제 룰렛해주신 모든분들 감사합니다 메탁기가.. 나와버렸네요..나 핀볼 뒤지게 못탄다 진짜...ㅋㅋㅋㅋㅋㅋ

치지직 같이보기 완벽한 타인 보고 오늘 밤 8시에 스타트합니다!!!!!!!!!!!

이따봅시다!!

ps. 편집자님 한분 더 모집합니다!!!!!!!
그리고 구독티콘 공모전합니다!!!!

mlchoins1@naver.com

메일로 포트폴리오 한번만 전달해주십시옹!

다들 이따봅시다!",0,1개월 전,2022년 3월 15일,5시 20분,챌린저스 서버 방송 시작!,하드데미안 클리어 도전,미업로드
"반갑습니다 사랑하는 턱붕이 여러분!
오늘 방송 아마 한 7시쯤 ON 할듯요!!!!ㅋㅋ

드디어 룰렛의 날이군요.... ㅎ;;
메이플 방송인 챌린저스 서버 어셈블!!
무자본으로 검은마법사 격파하기! 챌린저스 1서버에서 시작합니다!
(본격 육성은 토요일 밤 8시부터입니다!)

[글자 : 제로]
[팡이 : 배메]
[먼치 : 캡틴]
[해조 : 와헌]
[뚝이 : 데벤]
[명훈 : ?? ]

다들 직업ㅁ이 왜 이러지..?ㅋㅋㅋㅋㅋ

현재 팀원들 직업 선정은 이렇게 진행되었고 오늘 핀볼(룰렛) 1표당 3000원으로 gogo 해보겠습니다!!!!!

직업 밴은 기존에 제가 했었던 직업들+메벤져스 팀원 직업은 제외입니다!

밴 목록 : [호영,제로,불독,에반,배메,캡틴,와헌,데벤,일리움,섀도어]

이정도일듯하네요!!!! 저 유심칩만 좀 고치고 와서 슬슬 7시쯤 키겠습니다!

핀볼 투표는 8시 10분 ~ 8시 25분동안 15분 집계 예정입니다! (그 전에 사전테스트 해볼예정)
명튜브&명튜브 다시보기 보다가 이따 봅시다~~",0,1개월 전(수정됨),2022년 1월 14일,7시,룰렛의 날이군요!,챌린저스 서버 어셈블,미업로드
"10시 오픈런 방송 켰습니다!!!!!

겨울이벤트 쭉 보고
오늘 저녁 8시에는 락다운 프로토콜 합방이 있습니다!

바로 레츠고!",0,1개월 전,2022년 1월 15일,10시,"겨울이벤트, 락다운 프로토콜 합방","겨울이벤트, 락다운 프로토콜 합방",업로드
"반갑습니다 사랑하는 턱붕이 여러분!
12월 18일 명예훈장 방송 공지입니다! 

어제 저는 3주간의 봉누도 일정으로 휴식을 했는데요!
글자형 방송으로 공지되었던 메이플 방송인 [챌린저스 서버] 어셈블 공지!!!

세글자,팡이요,명훈,뚝이,먼치 +@ 오랜만에 이렇게 뭉쳤습니다!! ㅎㅎ 1명은 아직 미정입니다!!!

직업은 랜덤 룰렛으로 정해졌고 저는 아직 안뽑았는데 다른 형님들 직업을 말씀드리자면!!
세글자 = 제로 , 팡이 = 배메 , 먼치 = 캡틴 , 뚝이 = 데몬어벤져 , 명훈 = ?? , ?? = ??

이렇게 되어있습니다!! ㅎㅎ

목표는 약 2~3주동안 챌린저스 서버 무자본 검은 마법사 6인 진행 예정이고요!!
오늘은 방송 일정이 너무 빡빡해서 저는 금요일날 룰렛 한번 열어보도록 하겠습니다..!

저번에 와헌 한번 해봤는데 이번에는 좀 재밌는거 보고 싶어하는 턱붕이분들이 많더라고요 ㅎㅎ;;
신직업이 딱 나왔으면 좋았는데 아쉽구만ㅋㅋ

이번에 진행하는 육성은 유니온 챔피언 적용때문에
본계정으로 진행합니다! 마스터리 코어 목요일에 마지막 밸패 오겠지..?!

오늘 방송 일정 : 2시 전에 ON!
카페 좀 보고! 봉누도 월드컵이랑 클립도 좀 보고 싶지만 할게 너무 많아서 보류!!!
(못할수도 있음 ㅠ.ㅠ 흑흑 안되면 영도때 진행합시다!!)

4시 : 귀멸의칼날X메이플 콜라보 탄지로 초고렙 계정 체험;; 이벤트 캐릭터에 진심인 형님 모셔보겠습니다!

6시~8시 : 메이플 보스 쭉 밀기!

8시 : 봉누도 끝! 발로란트 내전

멤버

명훈 (조성민) vs 강지형 (자퇴한학생)
삼식 (한끼만) vs 마뫄 (김말마)
임나은 (임양미) vs 이춘향 (주완주)
탬탬버린 (김태무) vs 후추 (기면진)
따효니 (현상백) vs 소우릎 (서보건)

봉누도 멤버 나은누나가 모았습니다 허허 오늘 총도 함 쏩시다 ㅎ

이따 뵙겠습니다!",0,1개월 전,12월 18일,2시,룰렛으로 직업 정하기,챌린저스 서버 무자본 검은 마법사 6인 진행,미업로드
"반갑습니다 사랑하는 턱붕이 여러분!
명예훈장입니다!
굿바이 봉누도! 

봉누도 3주 동안 다들 너무 고생했어요!
나도 힘든데 턱붕이들 많이 힘들었겠군 끝까지 함께해줘서 다들 너무 고마워!!!!

서버 열어준 남봉형,지원해주신 치지직,스텔라이브,개발진분들과 서버 운영에 큰 도움 주신 도우미분들!
함께 봉누도에서 조성민을 마주쳤던 모든 인연들.
그리고 멋있는 팬아트와 로고 제작, 아낌없는 Api 지원
안전놀이턱 정산 등등 항상 응원해줬던 '갱스턱'의 모든 순간을 함께한 턱붕이들.
다들 고생많으셨습니다.

이번 서버도 정말 많이 배우고, 좋은 사람들을 만나고, 행복하게 즐기고 마무리 되었습니다!

봉누도 갱스턱 두목 조성민의 이야기는 여기서 끝입니다.
인생 첫 GTA를 스트리머 서버로 시작했는데 진짜 여운이 남네요 ㅎ..

최근에 안쉬고 달려버려서 오늘은 푹 휴식하면서 재정비 시간 갖도록 하겠습니다.
오늘도 다들 파이팅입니다!!!!!
사랑했다 갱스턱!

이제 목요일부터 메이플 대형 패치가 들어오기때문에
이번 겨울은 유튜브를 더 열심히 달려볼 예정입니다!
수요일날 봅시다!",0,1개월 전,수요일,미정,감사합니다 턱붕이 여러분!,메이플 대형 패치 소식,미업로드
"반갑습니다 사랑하는 턱붕이 여러분!
12월 16일 명예훈장 방송 공지입니다!

6시 이전에 오도록 하겠습니다!

어제 poe2 너무 재밌게 즐겼는데요! 광고인데 다들 엄청 많이 봐주시고 저도 재미 느껴서
시간이 날때마다 한번씩 달릴 것 같습니다!! 재밌는 게임 할 수 있게 해주신 광고주님,시청해주신 턱붕이분들 감사합니다! (그리고 2025년에 광고가 하나 더 들어왔습니다 야호!)
이번 연말이 근데 너무너무너무 바쁘다.. 행복한 일이죠 일복 좋다!!! 달려봅시다!!


오늘 방송 내용은요!

봉누도 마지막 날.. 갱스턱 보스로 사는 것도 오늘이 마지막이네요.
항상 대형서버 할때마다 함께 달려주시는 턱붕이분들 너무 고마워요
저는 이번에도 턱붕이들이 넘 재밌게 봐줘서 더 열심히 했던 것 같습니다!!

마지막은 언제나 여운이 생기지만 끝났다는 것은 다시 시작된다는 거겠죠?
멤버들과 사진도 찍고 추억도 돌아보며 같이 달렸던 약 3주간의 이야기 즐겁게 마무리 해보겠습니다!

이따 봅시다!!",0,1개월 전,12월 16일,6시 이전,연말이 바쁘지만 행복해요!,봉누도 마지막 날 갱스턱 보스,미업로드
"반갑습니다 사랑하는 턱붕이 여러분!
행복한 일요일입니다!

새벽에 봉누도도파민 쇼.. 진짜 너무 재밌었네요

본채널 로아온 풀영상/다시보기에 로아온,락다운 프로토콜 산악회 합방,봉누도 최후의 전쟁까지(다시보기 채널에 올렸는데 뒷부분에 1시간정도 잘려있어서 재업 예정입니다!
다시보기 보고싶으신 분들은 치지직 다시보기(명예훈장)로 봐주시면 감사드리겠습니다! 재밌게 봐주십시오 ㅎ!!

오늘의 일정 말씀드립니다!
3시 poe2 패스오브엑자일2 [광고]!! 짱재밌겠군? ARPG 장르입니다!!!!! 새롭게 접하는 rpg 장르라 넘 기대되는군요!
ACT1 보스까지 깨볼 예정입니다!
직업은 뭐 할지 미리 정해봤는데 머서너리라고 석궁으로 샷건+라플+레일건 쏘는 친구가 있어서 특색 있어서 너무 재밌어보여서 이거로 정했다!! 이따 재밌게 즐겨볼게요 ㅎㅎ!

ACT1 보스까지 맛있게 먹고 광고 종료 이후에는 봉누도 진행 예정입니다!
오늘 밤 12시에 봉누도에서 결혼도 합니다!!ㅋㅋㅋ 많이 기대해주십쇼!

저는 3시 전까지 올게요! 이따 뵙겠습니다!",0,2개월 전,일요일,3시,새로운 RPG 게임 시작!,"Poe2 패스오브엑자일2 ACT1 보스 깨기, 봉누도 진행",업로드
"반갑습니다 사랑하는 턱붕이 여러분!

어제 다시보기는 저작권 노래가 좀 있는데 많이 재밌어서 그냥 수익 포기하고 유튜브 다시보기에 올려드립니다 허허ㅎ
좋아요&구독 많이 부탁드립니다!

자 오늘 방송은요!

4시 로아온(로아 쇼케이스) 방송 중계 이후 산악회!

산악회 끝나고 산악회 종겜 합방 락다운 프로토콜 - fps 어몽어스 같은 게임 합방 예정입니다 ㅎ!

그리고 12시에 봉누도) 남북전쟁까지 진행하겠습니다!

오늘 그래서 락다운 프로토콜을 하다가 호다닥 봉누도에 들어가게 될수도?!
우선 양해는 구해놨고(서버가 얼마 안남아서 흑흑ㅠ) 오늘 방송도 잘 부탁드리겠습니다!!!

최근에 봉누도 하면서 rp나 아니면 방송 자체에 집중하다보니 후원해주시거나 구독을 좀 못 읽어드려서 넘 죄송합니다 ㅠㅠ 다들 항상 너무너무x9999 감사드립니다!!!

후딱 자고 와서 로아온 하기 전에 오겠슴다! 오늘도 행복한 하루 보내세요!",0,2개월 전,,"4시, 12시",수익 포기한 다시보기 업로드,"로아온 방송 중계, 산악회, 락다운 프로토콜, 봉누도 남북전쟁",업로드
"반갑습니다 사랑하는 턱붕이 여러분!!

일어나자마자 컨텐츠 회의 + 월말에 일정이 있어서 미팅하고 왔습니다 ! 바쁘구만!!ㅎ

오늘은 6시30분쯤 방송 on 하고요!!

7시부터 오늘 갱스턱 멤버 ai 시온삼천 결혼식

8시 갱스턱 야유회

12시 갱스턱 두목 조성민 메이드카페가 있습니다(...)

이따 뵙겠습니다 허허허허

﻿",0,2개월 전,오늘,6시30분,바쁜 하루였어요!,"갱스턱 멤버 결혼식, 야유회, 메이드카페",미업로드
"반갑습니다 사랑하는 턱붕이 여러분!

뭐임? 왜 아직 테섭 안뜸 창섭이형 ㅇㅅㅇ;;

오늘 호영의 운명이 결정되는 날이네요......... 수치 조정 중이라서 늦게 여는거로 알겠씁니다(제발)

마코 패치 보고나서 봉누도 드가잣!!!!!!! 11시 피의 결혼식 작전 시작합니다

6시 50분쯤 방송 on 할게요 ㅎ",0,2개월 전,6월 10일,6시 50분,테섭 늦게 여는 중,"호영의 운명 결정, 피의 결혼식 작전",미업로드
"오늘 5시 이전으로 오겠습니다!

봉누도 : 조직 전쟁 레츠고!",0,2개월 전,5월 10일,5시,조직 전쟁 레츠고!,공지 및 게임 플레이,미업로드
"반갑습니다 사랑하는 턱붕이 여러분 !
오늘의 방송 일정 - 어제 마지막에 말씀드린대로 오랜만에 휴방입니다

어제 너무 재밌었다!!!!! 대규모 전쟁 캬ㅑㅏㅏ 또 하고 싶구나..
아직 갱스턱의 이야기는 끝나지 않았습니다 완주까지 달려보겠습니다 ㅎ

대규모 서버 할때마다 항상 배워가는게 있는 것 같아서 너무 재밌네요
항상 서버 열릴때마다 같이 시청해주시는 턱붕이분들 너무 감사합니다 하하

다시보기는 현재 치지직은 바로 올렸는데 유튜브 다시보기도 곧 올려드리겠습니다!!
(편집자님 인터넷 이슈ㅠ)

다들 좋은 저녁 보내시고 내일 뵙겠습니다 !
항상 감사합니다~~",0,2개월 전,,,,,
"반갑습니다 사랑하는 턱붕이 여러분!
오늘 방송은 6시에 오도록 하겠습니다!

새로 생긴 봉누도 컨텐츠 은행 강도도 나왔고 오늘 봉누도 대통령 선거가 있네요 (11시 30분)

대통령 선거때문에 갱스턱 분열이 와서 어제 어지러웠는데 오늘 과연 무슨 일이 있을까........ㅋㅋㅋㅋㅋ

이따 뵙겠습니다!!",0,2개월 전,오늘,6시,새로운 봉누도 컨텐츠 소개,봉누도 대통령 선거 관련,미업로드
"반갑습니다 사랑하는 턱붕이 여러분!
휴 어제 폭풍이 지나갔네요 방금 유튜브에 메이플 겨울 업데이트 NEXT 편집 올라왔습니다!
재밌게 봐주시고 이번이 유입 or 복귀 뉴비들은 확실히 역대급일거라 영상 한번 보시죠 ㅎㅎ
(명집자님께서 열심히 편집해주셨습니다!!! 다들 좋아요 꼭 부탁드려요!!)

어제 저는 오랫동안 기다렸던 호영 마스터리 코어가 너무너무 아쉬워서 좀 눅눅해졌는데
우선 본섭 들어오기전까지는 봉누도 일정 진행하면서 2차 테섭 기다려보겠습니다! ㅠ.ㅠ!

오늘 방송은 그래서 몇시에 오냐?!
씻고 3시쯤 오도록 하겠습니다!! + 카페 보고 진행할 예정!

봉누도 드가자! 오늘 갱스턱 새로운 사업도 시작해보겠습니다 레츠고 ~~~~

그리고 갱스턱 팬아트 그려주셨는데 초대박이네요;; 빛밤님 감사합니다 개이뿌덩@@",0,2개월 전,2022년 1월 15일,3시,씻고 방송 시작합니다!,봉누도 일정 진행 및 갱스턱 새로운 사업 시작,업로드
"12월 7일 [메이플 쇼케이스 : NEXT] 중계 2시 30분부터 시작합니다!!

반갑습니다 사랑하는 턱붕이 여러분!
오늘의 방송 공지는 유튜브 좋아요 꼭 부탁드리겠습니다!

일단 신직업은 거의 확정?! 오늘 중계&패치 리뷰 야무지게 진행해보겠습니다!

저번에는 메이플&로아가 일정이 완벽하게 겹쳐서 역대급 도파민 중계를 진행했었는데
이번에는 神창섭 디렉터님께서 기대해도 좋다고 말한 이번 겨울 쇼케이스..

항상 대형패치에는 하현우님을 섭외했던 메이플 + 성캐형님 ㅎㅎ

넘 기대됩니다 이따 뵙겠습니다!!

생방송은 치지직에서!
https://chzzk.naver.com/5d53f8fa5bef9...",0,2개월 전(수정됨),12월 7일,2시 30분,유튜브 좋아요 꼭!,메이플 쇼케이스 중계,미업로드
"12월 6일 명훈 방송 공지!

반갑습니다 사랑하는 턱붕이 여러분!!
오늘 2시 봉누도 오픈런입니다! 오늘도 재밌게 달려보자!
12월7일 토요일은 메이플 쇼케이스가 있습니다!(4시)
어제 신창섭 신의 한마디 레전드 방송사고 유튜브에 올렸으니 확인해보시죠ㅋㅋ

내일은 아무래도 중계 + 테섭으로 인해서 봉누도 플탐이 적을 예정입니다(금요일 불태운다!!!!!)

밥 시키고 + 씻고 바로 오겠습니다 (2시 전)
이따 봐요!!
+ 조만간 광고도 하나 진행합니닷 광고 주님 오셨습니다 만세",0,2개월 전,12월 6일,2시,봉누도 오픈런 시작!,봉누도 오픈런,업로드
"반갑습니다 사랑하는 턱붕이 여러분!
잠시 준비중입니다 (__) !
오늘은 2시30분에 오겠습니다

일정 - 봉누도 진행하다가 7시 메이플 사전 라이브 시청 후 다시 봉누도!

이따 뵙겠습니다 (__)!! 공지가 좀 늦어서 죄송합니다!",0,2개월 전,오늘,2시30분,반갑습니다 턱붕이 여러분!,봉누도 진행 후 메이플 사전 라이브 시청,미업로드
"얘들아 가자

8시에옵니다잉

봉누도 유튜브 올라왔으니 보고계셔요잉 ㅇㅅㅇb",0,2개월 전,2022년 1월 15일,8시,얘들아 가자,봉누도 유튜브 올라왔으니 보고계셔요잉,업로드
"반갑습니다 사랑하는 턱붕이 여러분!
오늘 방송은 5시 20분 스타트 하겠습니다!
(곧 킨다는 뜻)

돌리형 결혼식 썰풀이 하고 오늘 봉누도 6일차 들어가봅시다!!! 드디어 총이 나오는군?
이따뵙겠습니다!",0,2개월 전,6월 10일,5시 20분,턱붕이 여러분 반갑습니다!,"돌리형 결혼식 썰풀이, 봉누 6일차",미업로드
"반갑습니다 사랑하는 턱붕이 여러분~~

오늘은 휴방입니다 집가면 넘 늦을 것 같네용

돌리형 결혼식 축복해주고

뒤풀이중입니다

푹 쉬고 내일 뵙겠습니다ㅎ

﻿",0,2개월 전,2022년 10월 15일,휴방,푹 쉬고 내일 뵙겠습니다,없음,미업로드
"반갑습니다 사랑하는 턱붕이 여러분!! 11월 29일 명예훈장 방송 공지입니다!
후후 오늘도 고생많으셨습니다
GTA 인생모드.. 이렇게 재밌는거였나?!ㅋㅋㅋ

음 뭔가 이런 RPG 느낌이라고 해야되나..
남들보다 먼저 찾아내고 노력해서 돈 많이 많이 벌고
선발대로 나아가는 과정이 항상 재밌고 흥미롭네요 (제가 제일 좋아하는 플레이 스타일)

운이 좋게도 열심히 하는 친구들도 만나버려서 찍먹하려고 했지만 푹먹이여 이젠 ㅋㅋ

우선 명훈 패치노트부터 말씀드리면
이번에 다들 다시보기를 얼른 올려달라!!!!고 하셔서 봉누도 기간은 방종 후 다시보기가 치지직에 바로 업로드 될 예정입니다!
당연히 유튜브 다시보기도 최대한 빠르게 올려드릴 예정이니 유튜브에서 많은 시청해주시면 정말x999 감사드리겠습니다

그리고 유튜브 턱붕이분들 GTA 영상 맛있게 드실 수 있도록 방금까지 명집자분들과 피드백하고 왔습니다! 2화부터는 스트리머분들 원래 닉네임과 인게임 닉네임이 같이 나올 예정입니다!
[지금까지는 RP(롤플레잉)유지 때문에 안넣는게 좋을까? 했는데 헷갈려하는분들이 많으셔서 적어놓겠습니다]

그리고 5화정도까지나 아니면 마칠때까지 영상 앞부분에 저번 화 요약이 들어갈 예정입니다!

한번 시청해주시고 피드백+좋아요 댓글 많이많이 달아주시면 너무 감사드리겠습니다!
항상 대형서버나 아니면 마크같은 다른 컨텐츠할때 생각하는건 메붕이들도 맛있게 먹을 수 있게(재획용으로다가)
요리해서 내놓는게 제일 좋다고 생각합니다요

메붕이들도 한번 드셔보셔!! 저도 맛있게 퍼먹고 있습니다 ㅎㅎ

곧 메이플 시즌이기도 하죠!! 메붕이분들 쇼케이스&패치 들어오면 그때 또 열심히 달릴테니
그 전에는 대형 합방 시즌때 다른 게임으로 배트좀 하고 올게요잉 ㅎㅎ

3일차 너무 행복했습니다 오늘도 api 너무 많이 쏴주신 모든분들 감사합니다!!
오늘 덕분에 남부가서 갱단 두목도 되고.. 감개무량이네요

언제나처럼 열심히 해서 재밌는 그림 많이 보여드리겠습니다!!
달리는건 언제나 잘할 수 있으니까 ㅎㅎ

저는 조금만 자고 일어나서 머리 커트좀 하고 와서
오늘 6시에 봉누도 오픈런 가보겠습니다!!

항상 고맙습니다! 이따봐요!",0,2개월 전,11월 29일,6시,고맙습니다! 이따봐요!,GTA 인생모드 플레이,업로드
"반갑습니다 사랑하는 턱붕이 여러분!!! 11월 28일 명훈 방송 공지입니다!
오늘 봉누도 2일차 남부 밀입국 대작전..... 넘 재밌었다.....

3일차에는 남부 꼭 가보겠습니다 ㅠㅠㅠ!!
그리고 오늘 api 해주신분들 진짜 너무 감사드려요 오늘 확률이 너무 빡세서 제가 더 죄송하네요 흑흑ㅠ
(여러분들이 죄송하실 필요 없습니다요 ㅠㅠ...) 이게 마이너스가 있어서 너무 빡셌던 것 같습니다......
다시 한번 진심으로 감사드립니다!!!!!

일단 내일은 정상화 된다고 하니 돈도 열심히 벌어서 남부쪽 한번 입성해보는거로!! 목표 잡아보겠슴다!!

GTA 처음인데 새로운분들도 많이 만나서 재밌게 하고 있네요 허허ㅎ
다들 오늘도 퐈이팅이고요!! 비슷한 저녁시간대에 올 예정입니다!!

좋은 하루 보내시고 폭설 조심하십시오 (__) !!!",0,2개월 전,11월 28일,오후,남부 밀입국 대작전!,남부 여행 2일차,업로드
"반갑습니다 사랑하는 턱붕이 여러분 오늘 스트리머 GTA 인생모드 서버 봉누도 2일차 ㄱㄱ

원래 오늘 시작하려고 했는데 어제 체험 삶의 현장 좀 찍어보니까 오래 달려버렸습니다ㅋㅋ

Api도 정상화 되었다고 합니다 이제 위쪽 동네로 가려면 시민권 뽑아야되네요 오늘 올라가봅시다

저는 한 7시쯤 오도록 하겠습니다 이따봐요잉?

유튜브+다시보기 채널 구독 부탁드립니다!",0,2개월 전,2일차,7시,GTA 인생모드 서버 봉누도,시민권 뽑기,미업로드
"반갑습니다 사랑하는 턱붕이 여러분

오늘은 산악회ㄱㄱ 8시 스타트입니다 후딱 씻고올게요

+치지직 스트리머 gta서버 봉누도 내일부터 스타트해볼 예정입니다 gta 한번도 안해본 뇌입니다 재밌겠군?!

이따 봅시다!

﻿",0,2개월 전,오늘,8시,산악회ㄱㄱ 시작합니다!,"산악회ㄱㄱ, gta 서버 봉누도",미업로드
"반갑습니다 사랑하는 턱붕이여러분!!

오늘은요

롤ㄱㄱ 다이아 달리기 갑시다

8시30분 전으로 오겠슴다!!!

다시보기 채널 업로드 되었으니 재밌게 봐주세요잉

(페나코니 스토리 -완-)

﻿",0,2개월 전,오늘,8시30분,롤 다이아 달리기 시작!,롤 다이아 달리기,업로드
"반갑습니다 사랑하는 턱붕이 여러분

10 30에 뵙겠습니다 좀 늦었네용

오늘은 카페 소식 있나 보고 붕스 스토리ㄱㄱ

페나코니 마지막 스토리인가??! 보도록하겠슴다

이따봐요우

﻿",0,2개월 전,10월 30일,10:30,늦었네용,"카페 소식, 붕스 스토리",미업로드
"반갑습니다 사랑하는 턱붕이 여러분

오늘 (11 23 토요일)휴방입니다 공지를 못쓰고 뻗었네용

일요일에 봅시다 명튜브&다시보기 채널 고고ㅎㅎ

﻿",0,2개월 전,11월 23일 (토요일),휴방,휴방 공지,없음,미업로드
"9시~10시에 올게유 빨리 오려고 했는데 잠이 문제군ㅎㅎ

미안해요잉 오늘 대신 유튭 올라왔으니 재밌게 보고 이따 생방에서 봅시닷!

오늘

영도 보스ㄱㄱㄱ

﻿",0,2개월 전,오늘,9시~10시,잠이 문제군ㅎㅎ,영도 보스ㄱㄱㄱ,업로드
"반갑습니다 여러분 오늘은 귀칼X메이플 콜라보 드디어 본섭 상륙하는 날이네요!!!!
현재 방송 켰고요! 지금 개빡치는게 연장 점검 1시간 미뤄졌습니다 아오 메이플시치

열리면 바로 달려보겠습니다!
오늘도 즐거운 하루 보내세요!!!! :>

생방송 주소!!
▼▼▼▼▼▼▼▼
https://chzzk.naver.com/5d53f8fa5bef9...",0,2개월 전,2022년 10월 15일,현재 방송 중,메이플 콜라보 본섭 상륙!,귀칼X메이플 콜라보,미업로드
"반갑습니다 사랑하는 턱붕이 여러분!
오늘 방송은 8시 30분쯤 스타트 하겠습니다!!!
롤 에메 다시 찍었습니다!!

이제 슬슬 메이플 + rpg 시즌이라 다시 rpg 유튭각 찍으면서 좀 달려볼게요잉 ㅎ
오늘 에반+불독 보스 돌고 내일 귀칼 탄지로 콜라보 달리기때문에 새벽 일찍 종료 예정입니다!!!
영도 재획 좀 미뤄질 예정 허허ㅎㅎ

이따 봅시다!",0,2개월 전,,8시 30분,롤 에메 다시 찍었습니다!,"에반+불독 보스 돌기, 귀칼 탄지로 콜라보",미업로드
"반갑습니다 사랑하는 턱붕이 여러분!!

오늘도 가보자~~

9시 30분 전으로 오겠습니다ㅎ

오늘은 잼롤 예정ㅋㅋ

뒷롤로 점수 조금 정상화했습니다ㅇㅅㅇ;;

다이아 가고싶구나.. 카페보다가ㄱㄱ할게요우

이따봅시다!!

﻿",0,2개월 전,21일,9시 30분,사랑하는 턱붕이 여러분!!,잼롤 플레이,미업로드
"반갑습니다 사랑하는 턱붕이 여러분
오늘은 휴방입니다 아침까지 달렸네요 조금 자다 일어나서 지금 글 씁니다 허허

이번에 메이플 쇼케이스 관련해서 먼저 공지드립니다!
쇼케이스 라이브도 생중계가 가능한줄 알았는데 가서 하는건 라이브 전에 하는 행사만 된다고 하네요..ㅠ


그래서 신청 안하고 집에서 여러분과 함께 보겠습니다!
현장갔는데 라이브 내용 중계 안되는건 좀 아쉬워서
같이 보는게 나을듯해요~~

(카페에 신청 알려주신분들 감사합니다)

아무튼 그렇습니다 그리고 또 하나는 다주누나가 여는 치지직 다피스 서버가 일정이 연기되면서
메이플 쇼케이스 날짜랑 겹쳐서 아쉽게 진행을 못할듯요 ㅠ

이정도로 공지하겠슴다~~

그럼 저는 다음 방송에서 찾아오겠습니다
다시보기 채널 명조 스토리/붕스 스토리 업로드 완료되었습니다!

없는동안 명튜브랑 다시보기 재밌게 봐주시고 저는 다시 뻗으러 가겠습니다요
다들 좋은 하루 보내요~",0,2개월 전,2022년 3월 15일,휴방,휴방 공지 및 쇼케이스 안내,없음,미업로드
"7시50분쯤 오겠습니다!

8시 산악회 로아 본캐만!!

끝나고 롤 내전 취소되었습니다(멤버들 대회 일정)

오늘 모바겜 스토리 밀죠ㅇㅅㅇ

명조 스토리 카멜리아 보고 붕스 페나코니도ㄱㄱ ~~

(한 챕터 정도만 밀 예정!)

이따봅시다!

﻿",0,2개월 전,오늘,7시50분,산악회 로아 본캐만!!,모바겜 스토리 진행,미업로드
"반갑습니다 사랑하는 턱붕이 여러분!

오늘 9시30분ㄱㄱ!

메이플 사냥 썬데이네요ㅇㅅㅇ?;;

제로좀 올려줄까..

오늘 검마 먹자&검마 솔플 돌려서 돈복사하고 시작하겠슴다ㅇㅅㅇ 이따봅시다

﻿",0,2개월 전,오늘,9시30분,메이플 사냥 썬데이!,"제로 올리기, 검마 먹기 및 솔플 돌리기",미업로드
"9시에 옵니다 ㅇㅅㅇ b

오늘 원래 메이플 보스좀 하려고 했는데 어제 잔뜩 돌아버려서 롤 에메런 ㄱㄱ할듯요!!!
밥 시켜놓고 카페좀 보다가 ㄱㄱ

유튜브 다시보기에 메이플 라방+귀칼 콜라보 영상 업로드 완료!
어제 명조 카멜리아 풀돌+롤도 올라올 예정입니다
이번에 편집자분들께서 귀칼 영상 작업때문에 조금 늦어졌습니다 죄송합니다! 올라오면 좋아요ㄱㄱㄱ!

ps. 글고 님들 카멜리아 풀재 효율 별론가요??? 효율 계산좀 해주실분 9함ㅎㅎ",0,2개월 전,9월 1일,9시,메이플 보스 못함 ㅠㅠ,롤 에메런 ㄱㄱ,업로드
"사랑하는 턱붕이 여러분 반갑습니다

6시 신창섭 예배 시간이 떴습니다

오늘 라이브는 12월 쇼케 일정 + 귀칼 콜라보 테섭 ㄱㄱ

이후에 오늘은 명조 신캐 카멜리아 뽑기ㄱㄱ

요즘 뽑기 개못하는데 과연 오늘은ㅜㅜㅜ...?

뽑기 끝나고 영도 보스 예정ㅇㅅㅇb 

5시 30분쯤 오겠습니다

﻿",0,3개월 전,12월,6시,쇼케 일정 안내,"귀칼 콜라보, 명조 신캐 카멜리아 뽑기, 영도 보스 예정",미업로드
"반갑습니다 사랑하는 턱붕이 여러분!!

오랜만입니다 오늘 방송 8시 30분에 오겠습니다

이따 봐유~~

﻿",0,3개월 전,,8시 30분,반가워요 턱붕이 여러분!,오늘은 무엇을 할까요?,미업로드
"반갑습니다 사랑하는 턱붕이 여러분!

이번주는 월,화 휴방하겠습니다! 체력 충전하고 수요일부터 다시 봅시다!

후 어제 언더컨트롤 또 터졌더니 마음이 아프네요............tq거...... 22성을 못가냐.....

머리 커트좀 하고 밀린 일+공부좀 하고 오겠습니다!!

항상 시청해주시는분들 너무 감사드리옵니다~~
ㅡㅡㅡㅡㅡㅡㅡㅡㅡㅡㅡㅡㅡㅡㅡㅡㅡㅡㅡㅡㅡㅡㅡㅡㅡㅡㅡㅡㅡㅡㅡㅡㅡㅡㅡㅡㅡㅡㅡㅡㅡㅡㅡㅡㅡㅡㅡㅡㅡ
다시보기 채널 업로드 / 유튜브 채널 리썰컴퍼니 현공공면 업로드 완료되었습니다!! 좋아요&구독 레츠고!!!!",0,3개월 전,"월, 화",휴방,휴방합니다. 수요일에 봐요!,없음,미업로드
"반갑습니다 여러분
오늘 방송 10시 스타트 ㄱㄱ

원래 언더컨트롤 강화좀 하려고 했는데 20성 강화권 매물이 없네요 ㅇㅅㅇ;;
플러리형이랑 하드림보도 가보기로했는데 다음으로 미뤄져서 290찍고 저도 매물 천천히 기다리겠슴다

어제 현공공면 리썰컴퍼니 다시보기 업로드 완료되었습니다 (__)!
재밌게 보고 계시고 편집본도 올라올 예정이니 유튜브 올라오면 많이 많이 봐주세요! 좋아요&구독★

오늘은 붕스 페나코니 스토리 추가로 밀겠습니다!
끝나고 시간 또 괜찮으면 명조 얽힌 별 스토리도 먹어보겠슴다!

이따 봐요~",0,3개월 전,,10시,강화권 매물 부족,"언더컨트롤 강화, 플러리형이랑 하드림보",업로드
"반갑습니다 사랑하는 턱붕이 여러분!!

오늘 라이엇&치지직에서 아케인 시즌 2 1화 같이보기 기회를 주셔서 함께 보려고 합니다!!!

굿즈도 보내주셔서 같이 보여드리겠슴다ㅎ 

지금 올만에 친구들만나서 밥 먹고 오겠슴다!!

방송은 4시 전쯤 킬듯합니다!!

끝나고 롤하다가 저녁에 물쥐형 동숙형 삼식형이랑 현공공면

리썰컴퍼니 1주년 기념으로 ㄱㄱ 하겠슴다ㅎ

﻿",0,3개월 전,오늘,4시 전쯤,아케인 시즌 2 1화 같이보기,라이엇&치지직 아케인 시즌 2 1화,업로드
"잔재3일차 드가자

오늘 산악회 있슴다!

근데 끝나고 롤 내전 안할수도 ㅇㅇ..

2부는 보고 정해봅시다ㄱㄱ 이따봐여

﻿8시전으로옴!",0,3개월 전(수정됨),3일차,8시,산악회 후 롤 내전,2부 결정 후 진행,미업로드
"반갑습니다 사랑하는 턱붕이 여러분!

오늘 7시 로아 라이브네요

같이보고 끝나고 영도 보스 올만에 ㄱㄱ 하겠습니닷

이따 봅시다 7시 전으로 오겠슴다!

﻿",0,3개월 전,오늘,7시,반가워요 턱붕이 여러분!,로아 라이브 후 영도 보스,미업로드
"반갑습니다 사랑하는 턱붕이 여러분~
오늘의 방송 6시 30분쯤 on!!

오늘은 타로 11년차 초롱이님께 합방 제의를 받아서 타로를 받아볼 예정입니다!!
*7시에 레츠고!!!

질문을 한 3개정도 정했는데 여러분들이 제 시점에서 궁금한거 있으면 한번 오셔서 같이 물어봐주시죠ㅋㅋㅋ

오늘 끝나고 명조 데이터 스테이션 채우기 ㄱㄱㄱ!!
곧 음림눈나 복각이다.. 준비가보잣!

이따 봅시다 여러분 =-=b",0,3개월 전,,6시 30분,턱붕이 여러분 반갑습니다!,타로 11년차 초롱이님과의 합방,미업로드
"반갑습니다 사랑하는 턱붕이 여러분!
오늘 방송은 7시에 스타트 하겠습니다!!

메이플 익스스우 하트부터 먹어봅시다!

그리고 이번주 아직 안가신분이나 다음주부터 제로 익스스우 깐부도 구합니다!!
*현재 익스스우 기준 환산 7.3 나옴!! 같이 가실분들 mlchoins1@naver.com 메일이나 [클라스]인게임 쪽지 주세요!

보스 끝나고 롤!!!! 에메랄드 다시 가겠습니다.

이따 뵙겠습니다 ㅎ~",0,3개월 전,2022년 3월 15일,7시,반가워요 턱붕이 여러분!,"메이플 익스스우 하트, 제로 익스스우 깐부 모집, 보스 끝나고 롤",미업로드
"반갑습니다 사랑하는 턱붕이 여러분~~

어제 롤 삼식형이랑 듀오 재밌게 하고 붕스 스토리 밀었네요!!

페나코니 확실히 맛있군?!ㅋㅋㅋ 새로운 등장인물이 많아서
확실히 흥미롭네.. 2.0까지 밀었는데 나눠서 맛있게 먹겠습니다 굳 ㅎ (절대 스포 ㄴㄴ부탁드립니다!!!!!!)
스토리는 시간날때마다 조금씩 ㄱㄱ!!
유튜브 다시보기 채널도 구독&좋아요 많이 부탁드립니다!!

모바일 게임들 늦바람이 들어서 마구마구 먹는중.. 마쉬따..

명튜브도 오늘 올라옵니다!!(롤 영상 레츠고 ㅎㅎ)

최근 롤도 너무 재밌게 하고 있었는데
이번에 치지직+라이엇게임즈에서 선정해주셔서
11월 9일(토) 5시에 <아케인 시즌 2 1화> 같이보기를 진행할 예정입니다!! (감사합니다!!)

오늘은 휴방하면서 아케인 시즌 1 정독하고 오겠습니다!!
다들 행복한 하루 보내시고요!
화요일에 뵙겠습니다 ㅎ

항상 재밌게 시청해주셔서 감사합니다!",0,3개월 전,11월 9일,5시,아케인 시즌 2 1화 같이보기,아케인 시즌 1 정독,업로드
"대 상 혁

어제 보고 미드를 깨달았습니다 대상혁의 가르침

T10 턱이커 출동ㅇㅇ 

오늘 1부 롤

2부 붕스 페나코니 밀기ㄱㄱ

분량이 많아서 나눠먹을게요우

9시에옵니당

﻿",0,3개월 전,어제,9시,미드를 깨달음,"1부 롤, 2부 붕스 페나코니 밀기",미업로드
"반갑습니다 사랑하는 턱붕이 여러분 오늘의 공지입니다!!
오늘의 일정 7시 30분쯤 방송 ON

8시 산악회
(잔재 2일차 ㅎㅎ) 카페에 올려주신거 봤는데 아주 좋습니다 잔재 전문가형님이 만들어주신 공략 굿.....
오늘도 개빡숙은 아니겠지만 저번주에 한번 해봐서 재밌게 즐길 수 있을 것 같습니다 호호 잔재꿀잼ㅎㅎ

11시
T1 vs BLG 레전드 결승전 레츠고 ㄷㄷㄷㄷㄷ
입중계 가보겠습니다 이기자 T1퐈이팅 !!!

그럼 이따 뵙겠습니다!!",0,3개월 전,,7시 30분,반갑습니다 턱붕이 여러분,"산악회, T1 vs BLG 레전드 결승전",업로드
"사랑하는 턱붕이 여러분 반갑습니다★
오늘 10시 전으로 오겠습니다!!!

투데이 일정 - 10시 = 명훈 삼식 다주 돌리 마리오파티 잼버리 합방 있습니다!!
끝나고 방종 or 컨디션 괜찮으면 2부까지 레츠고~~!

오랜만에 종겜 합방이네요!!! 아침에 잠깐 해보니까 꽤 재밌을 것 같더라고요!!
이따 봅시다 =ㅁ=!

생방송 주소 : https://chzzk.naver.com/5d53f8fa5bef9...",0,3개월 전,,10시,투데이 일정 안내,명훈 삼식 다주 돌리 마리오파티 잼버리 합방,미업로드
"오늘 방송 8시 전으로 오겠슴다~~~~~~~
개꿀잠낮잠 자고왔따!!

오늘 와서 카페탐 -> 니케 2주년 뽑기 받으러 ㄱㄱ + 영도 보스+제로 재획 드가잣!

이따봅시다 ㅇㅅㅇb",0,3개월 전,오늘,8시,개꿀잠낮잠 자고왔따!!,"카페탐 -> 니케 2주년 뽑기, 영도 보스, 제로 재획",미업로드
"사랑하는 턱붕이 여러분 반갑습니다!!
이번 주 휴방은 오늘 한번 쉬어가겠습니다~!(10월 30일 휴방)

오늘 롤 공부도 좀 하고 오겠습니다! + 세팅도 해야됨!!!
유튜브 롤 배치 영상 업로드 되었습니다! 재밌게 봐주시고 좋아요 눌러주세요!
롤 영상은 좀 다듬어야 돼서 피드백 댓글로 많이 부탁드립니다!!

목요일 방송 : 메이플 영도 보스데이 GOGO + 제로 재획 잠깐!
금요일 방송 : 명훈 삼식 다주 돌리 마리오파티 잼버리 합방!
토요일 방송 : 산악회/롤드컵 결승전 입중계 레츠 고!
일요일 방송 : 모바일게임 데이 GOGO (붕스 페나코니 스토리 볼듯!,다른 모바일게임들도 할 예정!!)

10월달도 다들 고생많으셨고 11월달도 잘 부탁드리겠습니다!",0,3개월 전,10월 30일,휴방,오늘은 쉬는 날!,없음,미업로드
"반갑습니다 사랑하는 턱붕이 여러분!
오늘 방송 7시 30분 전으로 오겠습니다!

명튜브에 아까 롤 영상이 잠깐 올라왔다가 오늘 유튜브 업로드 일정때문에
비공개가 되었는데 영상 추가로 다듬어서 내일 롤 영상 업로드 하겠습니다!
오늘은 어제 메포사태 관련 영상 업로드로 찾아오겠습니다! (이따 올라올 예정!!)

영상 올라오면 재밌게 시청해주시고 좋아요 꼭 눌러주세요!!!

자 그리고 오늘 생방송은요~~~~~
롤 레츠고! 어제 에메랄드 달성했습니다 다이아 가보자ㅏㅏㅏ!!!

씻고 오겠습니다 다들 이따봐요!",0,3개월 전,,7시 30분,롤 레츠고! 다이아 가보자!,어제 메포사태 관련 영상,미업로드
"오우..,메이플..
난리났군

7시 되기전에 킬게요.. 

﻿",0,3개월 전,2022년 10월 15일,7시,메이플 라이브 방송,메이플스토리 플레이,미업로드
"반갑습니다 사랑하는 턱붕이 여러분!
10월 27일 방송 공지입니다!

오늘의 일정
6시 전에 오도록 하겠습니다!

7시 산악회
(1시간정도 잔재 예열+알아가기+보석 가능하신분 이따 방송와주세여!!)

산악회 끝나고 10시 T1 vs 젠지 입중계 ㄱㄱ 재밌겠다ㄷㄷㄷㄷㄷㄷㄷㄷㄷㄷ
끝나고 3부 롤 go ㅇㅅㅇb

이따봅시당!!!",0,3개월 전,10월 27일,6시 전 시작,반가워요 턱붕이 여러분!,"7시 산악회, 10시 T1 vs 젠지 중계, 10시 이후 롤 방송",미업로드
"사랑하는 턱붕이 여러분 좋은 주말입니다! (토요일 야호~)
항상 여러분 덕분에 행복한 방송하고 있습니다 언제나 고맙습니다!

토요일은 휴방 진행하고 올게용!
일 처리+컨텐츠도 좀 짜고 일정 한번 쏵 정리하고 오겠슴다 ㅎ!
유튜브 200만 지르면 컨텐츠 -완- 한거 재밌게 봐주시고 산악회 롤 합방 영상도 재밌게 봐주십시옹 ㅎ

일요일 방송 내용 미리 공지!
오랜만에 로스트아크!!
드디어 저도 잔재 찍먹해보겠습니다!!!!
이번 밸패 .. 버스트 버리라고 재학이형이 협박하네요.. ㅇㅋ 잔재 가보겠습니다 형님
내일 겁화 2개 가져오겠슴다 실링부자분들 스킬 변환 가능하신분들 연락좀 부탁드립니다!!!

산악회(7시)전에 세팅해두고 미리 연습하고 산악회 ㄱㄱ~
그리고 내일은 롤드컵 T1 vs 젠지전 있네요! 산악회 끝나고 저도 밥시켜서 같이보겠슴다(입 중계ㄱㄱ)

자 그리고 최근 방송 채팅 관련!!!

[타 스트리머분들 관련 언급]
생방송에서 제가 따로 언급하거나 나온게 없는 이상 언급 자제 부탁드립니다!
기본적인 채팅 매너입니다! 제 방송에서나,다른 방송에서 저를 말하는거나 중계 일절 금지합니다.
(방송인분이 직접적으로 저를 언급하는게 아닌 이상 언급하지 말아주세요.)

그리고 카페에서도 타 스트리머분 이야기같은경우에는 자유게시판에 올리지 마시고
말머리를 꼭 잘 지켜서 올려주십쇼!

저번 카페 공지했던거처럼 아예 안면이 없는분들이나 제 관련 소식이 딱히 아닐 경우에는
알잘딱해서 올려주시면 감사드리겠습니다.

채팅창 규제를 빡세게 하는편이 아닌건 여러분들도 알고 계실겁니다!
다들 둥글게 채팅 치고 있고 어느정도 본인이 알잘딱 해야되는 부분인데 어제 말 나온김에 한번 더 공지합니다!
나머지 채팅들은 알아서 선만 넘지 않는 선에서 재밌게 놉시다요잉~
넘으면 가는겨~

항상 고맙습니다 저는 공지 올리고 이제 쉬러갈게요~
오늘도 즐거운 하루 보내시고 내일 뵙겠습니다~ (__)",0,3개월 전,2022년 3월 12일,토요일 휴방,주말 즐겁게 보내세요!,없음,미업로드
"사랑하는 턱붕이 여러분 반갑습니다!!!
10월25일 오늘의 방송 공지 두둥
오늘은 하트 복구(?)하는 날!!!! 익스 스우 초기화가 또 왔네요.. 오늘은 과연? + 영도 보스 데이 가겠습니다~~

9시 20분 방송 스타트 ㄱㄱ!! 카페 보고 / 익스스우 하고 영도 ON 하겠씀다 ㅇㅅㅇb

오늘은 과연 하트가 나올까.... 하트 나오면 이제 20성 주문서 존버해서 바로 복구해보겠슴다ㅋㅋㅋ
이따 봅시닷!!!!★ (오늘 유튜브 200만 지르면 -완- 영상 올라옵니다!!!)",0,3개월 전,10월 25일,9시 20분,하트 복구 날입니다!,"익스 스우 초기화, 영도 보스 데이",미업로드
"반갑습니다 사랑하는턱붕이여러분

오늘 늦공지 ㅈㅅㅈㅅ 어제 17시간 방송해서 뻗었어요우

씻고 밥시키고 10시20분쯤 올게용*수정 10시30분!!!

어제 롤 플1찍고 붕스 나부 다 밀었슴다

오늘은 롤 에메찍기 ㄱㄱㄱ

페나코니 스토리는 여유될때마다 맛나게 묵도록 하겠슴다ㅎ

그리고 금요일은 영도보스고고우 ㅇㅅㅇ!

이따 봐용

﻿",0,3개월 전(수정됨),2022년 3월 10일,10시30분,사랑하는턱붕이여러분 반갑습니다,롤 에메찍기,미업로드
"사랑하는 턱붕이 여러분 반갑습니다~~
오늘 일찍올게요ㅎ 밥먹고 2시 내로 ㄱㄱ!! 밥 오는중 다들 안드셨으면 맛난거 드십쇼 ㅎ!

1부 - 치지직 롤 강함순위 올리기 오늘 에메 한번 가보자잇!! 현재 플2 ㅇㅅㅇ

2부 - 1부 많이 달리고 2부 붕스 나부 스토리 사슴 잡은 다음꺼 밀기 레츠고~~~~~~

유튜브 재밌게 봐주세요잉 =-= b (다시보기 유튭도 올라옴!!)",0,3개월 전,오늘,2시,일찍 올게요! 맛있는 밥 드세요!,"1부 - 롤 강함순위 올리기, 2부 - 사슴 잡기",업로드
"ㅎㅇ용 사랑하는 턱붕이 여러분!!
오우 아침까지 방송하고 롤 10승2패 야무지게 하고 잠깐 뻗고 일어나서 유튜브 올렸슴다!!ㅋㅋㅋㅋ
다시 조금 자러갈게요....하하하

이거 다음 영상은 산악회 롤 영상도 편집해서 올라올 예정입니다!
오늘거 유튜브도 맛도리입니다 산악회 팔찌 도파민쇼 ㄱㄱ 재밌게 봐주세요잉 좋아요도 꼭 눌러주시고!!!!!!

오늘 산악회 모임이 있어서 휴뱅입니다
잘 다녀올게요잉 =-= b 오늘은 다시보기 채널&본채널 유튜브 재밌게 봐주세용 하하

항상 시청해주시는 모든분들 감사합니다~
맛난거 많이 먹고 푹 쉬고 낼 봐요!",0,3개월 전,,,산악회 모임으로 휴뱅,산악회 롤 영상 편집,업로드
"반갑습니다 사랑하는 턱붕이 여러분!
10월 21일 방송 공지입니다 허허

명튜브에 오늘 언더컨트롤 영상이 올라왔습니다!!
다들 이번에 유튭 보시고 구독이랑 좋아요 많이 눌러주셨더라고요 넘 감사드립니다 (__)!
항상 열심히 하겠습니다 ㅎ

당분간 계속 메이플 컨텐츠+다른 컨텐츠들 올라오면서
춘자게임(이번에 춘자형이 메이플 방송인 컨텐츠 제작함!)까지 이어갈거라
많은 기대&관심 부탁드립니다~~!!

일단 오늘은 9시30분쯤 올 예정이고요!

1부 메이플 언더컨트롤 복구겸 익스스우 솔플+ 불독 검마 솔플 창뱃 먹기

2부 롤 새로운 챔 장착ㄱㄱ할 예정입니다! 오랜만에 롤 드가잣
요즘 모바일게임에 푹 빠져서 2부롤을 못했드아 한번 달려봅시다

화요일에 돌리형 결혼식 전에 산악회 모임 있을 예정이라서
화요일은 휴방이고요!
붕스 스토리 밀기는 수요일 진행 예정입니다!

모임때문에 원래 어제 방송을 진행하고 월/화 휴방을 생각했는데
일어나니까 몸 상태가 말이 아니여서 하루 강제 휴식해버림ㅠㅠ..
다들 잠 푹 주무시고 영양제도 꼭 챙겨드십쇼!!

이따 봅시다~",0,3개월 전,10월 21일,9시30분,감사드립니다 항상 열심히 하겠습니다,"1부 메이플 언더컨트롤 복구겸 익스스우 솔플+ 불독 검마 솔플 창뱃 먹기, 2부 롤 새로운 챔 장착ㄱㄱ",업로드
"음림 보고 시작했는데
모바일게임 첫 풀돌풀재를 해버렸다..


정실을 찾았습니다....",0,3개월 전(수정됨),2021년 10월 15일,음림 보고 시작,모바일게임 첫 풀돌풀재,정실을 찾았습니다,미업로드
"반갑습니다 사랑하는 턱붕이 여러분

오늘 휴식 햔번 해야될듯합니다ㅜ

잠 보충하고 내일 오겠습니다 흑흑

유튜브 다시보기 다 올라왔네요 재밌게 봐주셰요우

오늘 늦어도 유튭 올라올 예정임다*수정*
오늘 유튜브 올라올 예정이였는데 컨펌 결과 다듬어서 업로드 하기로 했습니다!
영상 기다려주신분들 죄송합니다 (__)",0,3개월 전(수정됨),2022.01.25,없음,휴식을 취했어요 흑흑,없음,업로드
"반갑습니다 사랑하는 턱붕이 여러분~~

10월 19일 방송 공지입니다!!

오늘 6시 30분쯤에 올게요~~~

명조 스토리 다 밀고 붕스도 좀 밉시다!

이따 뵙겠습니다요~~~

﻿",0,3개월 전,10월 19일,6시 30분,사랑하는 턱붕이 여러분~~,"명조 스토리, 붕스",미업로드
"오늘 7시쯤 오겠습니닷

자다가 아까 깼네요.. 수면 패턴의 비정상화ㅜㅜㅜ

유튜브 & 다시보기 채널 보고 계시면 이따 오겠습니다

﻿",0,3개월 전,오늘,7시,수면 패턴 비정상화,라이브방송,업로드
"오늘 7시30분쯤 방송 On입니다!!!

오랜만에 잘 잤다!!

메플 새로나온 컨텐츠

데더다x메플 콜라보 고고우!

9시 산악회

산악회 끝나고 명조 남은 스토리 밀어보겠습니당

유튜브 오늘 제로영상 올라옵니다!

﻿",0,3개월 전,오늘,7시30분,오랜만에 잘 잤다!!,"메플 새로나온 컨텐츠, 데더다x메플 콜라보, 산악회, 명조 스토리",업로드
"반갑습니다 사랑하는 턱붕이여러분!

730에 옵니다!!!

투데이 컨텐츠

200만 지르면 와헌 진힐라 솔플

5000플마단형님들과 검마 -완-

(어제 신청해주신분들 함 대기 부탁드립니닷!!!)

불독 남은 보스 ㄱㄱ

이따봅시다용~!

﻿",0,3개월 전,730,20:00,사랑하는 턱붕이여러분!,"200만 지르면 와헌 진힐라 솔플, 5000플마단형님들과 검마 -완-, 불독 남은 보스 ㄱㄱ",미업로드
"오늘 방송도 너무 재밌었다!!!
항상 사랑합니다 턱붕이분들 허허ㅎㅎ
화요일은 휴방입니다! 수요일 일찍 올게요★!!!!

컨텐츠 관련
200만 지르면 와헌 컨텐츠가.. 드디어 끝을 보입니다
수요일날 -완- 시키겠습니다 수욜날 5000플마단 형님들 모여서 마지막으로 검마 잡고
와헌 떠나보내주겠습니다!!!! ㅠㅠ
(수욜에 스카니아 검마 가실 5000플마단 형님들 구합니다 와헌버프 가능합니다 같이 유튭각 가실분
어느정도 숙련도는 있어야됩니다 클리어 목표로 가실분 mlchoins1@naver.com 메일 보내주세여!!!!)

와헌도 보니까 한 325만원정도 질렀더라고요.. 크흡ㅋㅋㅋ
다들 많이 도와주셔서 그래도 넘 재밌게 즐겼습니다

컨텐츠 끝까지 마무리는 해야되니까 검마까지 딱 보내고 깔끔하게 마치겠습니다 ㅎㅎ!!

오늘 명조도 스토리 마구마구 밀었다!!!!!
다시보기 올려드릴게요!
CM님도 찾아오셔서 깜짝 놀랐다...

보니까 이벤트중이더라고요!! 방송 모니터링 하고 계셨나봅니다
설마 좋은 기회가 오는건가!!!!하하하하하ㅏ

방종하고 이벤트 참여 완료 음림 복각해달라고 요청드렸습니다ㅋㅋㅋㅋ
너무 예뻐서 뽑고 싶은데.. 얼른 나와라이.......

붕스도 스토리 밀어야되는데 엄청 길다고해서 천천히 밀어볼 예정!!
몸이 여러개였으면 좋겠다는 생각이 드는 요즘..
하지만 몸이 여러개가 아니여서 방송 시간을 길게 잡는데
요즘 좀 피로가 쌓이나봅니다 건강 잘 챙기겠습니다 여러분들도 건강 꼭 챙기십쇼

롤도 최근에 폼 계속 올리고 있어서 올라가고 싶고
메이플도 컨텐츠 하면서 유튭 잘 나오니까 또 재밌게 하고 있고
모바일게임들도 재밌고 미치겠군!!!!ㅋㅋㅋㅋ

음 일단 그렇습니다 행복한 고민이여..
푹 쉬고 또 수요일날 열심히 달려보겠습니다

아 그리고 치지직 구독 이모티콘을 만들어야되는데
좋은 아이디어 있으신분들이나 진짜 세상에서 제일 잘만들어주시는분 계시면
mlchoins1@naver.com로 한번 연락부탁드립니다 가격도 같이 적어주시면 너무 좋습니다
만드신것도 같이 꼭 보내주십시오 배트티콘 같이 만들어주실 금손님 구합니다..!!

턱붕이분들은 이모티콘 아이디어나 아니면 좀 괜찮은 이모티콘 있으면 같이 메일 보내주셔도 됩니다
제작자분 연락오면 같이 보여드리겠슴다 좋은 아이디어 기다리겠습니다요

이제 글 마치고 쉬고 오겠습니다
오늘도 좋은 하루 행복한 하루 보내시고
띵튜브 올라올 가능성 높습니다 좋아요 많이 눌러주세요!!!
안올라오면 명훈 다시보기 채널★!!!",0,4개월 전,화요일,휴방,휴방입니다! 수요일 일찍 올게요,없음,미업로드
"반갑습니다 사랑하는 턱붕이 여러분

오늘 낮까지 일하고 조금만 자야지 했는데

눈 뜨니까 10시네.. 어제 잠을 못자긴 했군 허허

미안합니다 준비하고 11시까지 올게용

﻿",0,4개월 전,2022년 10월 15일,11시,미안합니다 잠을 못자서,라이브방송,미업로드
"반갑습니다 사랑하는 턱붕이 여러분!!!!
오늘은 메이플 템 하나를 가져왔습니다 허허
이거때문에 오늘 12시 30분에 잠 ㅡ.ㅡ ㅠㅠㅠㅠ
4시 10분에 방송 on 할게요!

오늘 유튭 영상 올라옵니당 이따 올라오면 좋아요 많이 눌러주세요!!!!!!!구독도!!!!
생방송은 치지직 : https://chzzk.naver.com/5d53f8fa5bef9...",0,4개월 전,,4시 10분,메이플 템 소개,메이플 템 소개,업로드
"반갑습니다 사랑하는 턱붕이 여러분~

푹 쉬고 왔습니다

오늘 7시 30~40분쯤 방송 스타트! 

​

로아 산악회부터 진행하겠스빈다! 이후 2부 레츠고!

(2부 뭐할지 고민중 ㅇㅅㅇ!!!!) 

​

산악회 - > 카페 보고(밥탐)  - > 겜하는거로 하겠슴다!!!!",0,4개월 전,,7시 30~40분,푹 쉬었어요!,"로아 산악회, 레츠고",미업로드
"반갑습니다 사랑하는 턱붕이 여러분!
오늘의 방송 : 신창섭 Live 시청ㄷㄷ
우르스 대체 컨텐츠로 아즈모스 협곡이 테섭에 나오는 날입니다!!
과연 메소 수급만이 아니라 어떤 컨텐츠가 나올지..
그리고 보약칭호도 이제 사라지는데 티르노그 이벤트 말고 어떤 이벤트로 대체될지도 한번 보겠습니다!

공지 나오고 나서 방송 키겠습니다!
오늘 유튜브 영상에 메카아라시 광고 영상도 업로드 되었습니다!!
많은 관심 부탁드리고 좋아요 많이들 눌러주세요ㅎㅎ!

띵튜브 메이플Live 시청 이후에 유튜브에 편집본으로 바로 올라올 예정입니다!",0,4개월 전,,,,,
"반갑습니다 사랑하는 턱붕이 여러분!

오늘 방송은
1부 메이플-호영,200만 지르면 와헌 보스
2부 로아(산악회)
3부 영도 보스+재획 예정입니다!!

*수정 (생방송은 6시쯤 올 예정)

최근 방송 시간이 계속 길어져서 저녁 뱅송이 스킵되는날이 있었슴다!!
이 부분은 양해 부탁드립니다 (__)!
오늘은 다시 RPG 데이로 뵙겠습니다!

유튜브 어제 영상 올라왔으니 많이 시청해주시면 감사드리겠습니다!!
좋아요도 많이 눌러주세요!",0,4개월 전(수정됨),,6시 (생방송),RPG 데이로 뵙겠습니다!,"1부 메이플-호영, 2부 로아(산악회), 3부 영도 보스+재획",업로드
"오늘 9시30분쯤 올예정

어제 플레 켠왕 성공했습니다ㅎㅎ

다음 목표 다이아ㄱㄱ

운동하고올게요 이따봅시다

﻿",0,4개월 전,오늘,9시30분,다이아ㄱㄱ,운동 후 라이브 방송,미업로드
"오늘 9시쯤ㄱㄱㄱㄱ
롤 플레 켠왕 가보자규",0,4개월 전,오늘,9시,롤 플레 켠왕 가보자규,롤 플레이,업로드
"사랑하는 턱붕이 여러분 반갑습니다~~
10월 15일 방송 공지입니다!

휴방입니다 진짜 쉬고옵니다!!!!!
또 18시간 방송을 해버렸군ㅋㅋㅋ

근데 오늘은 어쩔 수 없었습니다 롤 11연승을 해버렸다고~~~
뇌 장착 다시하니까 정상화되는중.... 더 잘해지고 싶군..
다시보기 채널에 올려드리겠슴다 재밌게 봐주세요우!(좀 걸릴수도 있음!)

유튜브도 재밌게 시청해주세요!

좀 자고 오겠씀다ㅎㅎ 다들 좋은 하루 보내시고요! 맛있는거 많이 드시고
일요일에 뵙겠습니다 (__)!!!!!",0,4개월 전,10월 15일,휴방,쉬고 옵니다!,롤 11연승,미업로드
"반갑습니다 싸랑하는 턱붕이 여러분
오늘 방송은 7시 40분부터 ㄱㄱ!!
산악회부터 갑니다 아브렐슈드 2주차 ㄷㄷㄷㄷㄷㄷㄷ 좀 까먹었네요ㅎㅎ;; 드가잣!

산악회 끝나규 카페 타임(저번에 밀린 글 못 읽어서 오늘 읽을게욤!)
카페 탐방 끝나고 오늘 겜 뭐할지 ㄱㄱ!

어제 거의 24시간 방송해서 빡셌는데 운동하고 오니까 괜찮아졌음 호호
이따 봅시다~ ㅎㅎ

+
오늘 유튜브 영상 재밌게 봐주세요!!(이번거 좀 알찹니다!!!!!) 유니온 200 퀘스트 동선 맛있게 짜주심ㄷㄷ

그리고 다시보기에 명조는 올라왔고 쿠쿠리아 민거도 올라올 예정임다!
항상 감사합니다!",0,4개월 전(수정됨),,7시 40분,산악회 후 카페 탐방,"아브렐슈드 2주차, 카페 탐방, 게임 플레이",업로드
"오하요~~~~
하 어제 롤 오랜만에 배치봤는데..충격적인 결과가.....
그래도 명꿈틀이로 골딱이까진 왔다..
한동안 안하다보니 카와이버러지로 진화했군..ㅋㅋㅋㅋㅋㅋㅋ
다음에 또 롤 가보겠습니다..

내일은 개천절이네요!!!!!! 오늘은 달려보겠습니다!!

9시 방송 ON
밀린 보스들 gogo
하고 목요일 초기화..
그냥 영도 보스 해야겠다....

끝나고 붕스 신캐 뽑기+토파즈 뽑기도 ㄱㄱ!!",0,4개월 전,2022.10.02,9시,개천절 달려보겠습니다!,"밀린 보스들 공략, 영도 보스 도전",미업로드
"오늘 밖에 다녀오느라 뻗고 지금 일어났군용

9시 10분에 오겠습니다!!!

드디어 호영 290 하는 날!!

이제 제로한테 모든걸 몰빵해줘야겠군.. ㅇㅅㅇ!

이따 봅시다!!

﻿",0,4개월 전,오늘,9시 10분,뻗고 지금 일어났군용,호영 290,미업로드
"오늘 찍먹 재밌었따~~ 시청해주신분들 감사합니다!
모바일게임 찍먹데이였는데.. 거의 13시간.. 푹먹해버렸군?ㅋㅋㅋ
유튜브 다시보기 채널에 둘 다 올려드리겠습니닷!!!

카페에도 많이 정보글 올려주신분들 감사드립니다 ㅎ
다음에 또 스토리 밀고 신캐들 나오면 한번 뽑아보고 그러겠슴다 ㅎㅎ
나름 재밌군?!ㅋㅋㅋ

일단 오늘은 휴방입니다!!! 휴방인데 지금 자고 일어나면 하루가 지나간닷...
할일 하고 자고 충전하고 오겠슴다!!!

재밌게 봐주신분들 감사드리고 오늘도 좋은 하루 보내세요!",0,4개월 전,,,휴방 공지 및 감사 ,모바일게임 찍먹데이 ,업로드
"오늘 9시 30분쯤에 올게요!

메이플 290까지...... 1.2% 남았따...
호영 290 찍으면 주차하고 이제 제로 육성 천천히 들어갈 예정입니다!!!!!
(어제 익스스우도 2인함 ㅎㅎ다시보기 채널에 올렸씀다!)

제로 재밌긴하네요 허허.. 천천히 키워봅시다ㅠㅠㅠ 제로야 내가 미안하다.....

오늘은 주말 모바일게임 찍먹 ㄱㄱ!
저번에 말씀드렸던 명조!!! 영도로 굉장히 많이 퍼먹은 게임입니다..
오늘 파수인 뽑기 찍먹 ㄱㄱ

명조 운영자형님들 음림 복각해주세요 나오면 뽑겠습니다 제발
+끝나고 오늘은 붕괴 스타레일도 좀 ㄱㄱ할 예정

아무튼 오늘은 모바일게임 찍먹데이로 좀 가보도록 하겠습니다ㅏㅏㅏㅏ",0,4개월 전,오늘,9시 30분,주말 모바일게임 찍먹,"명조 뽑기 찍먹, 붕괴 스타레일",업로드
"반갑습니다 사랑하는 턱붕이 여러분!
9월 28일 토요일 방송 공지입니다!
오늘 방송은 유니온 콘테스트 '다 짜줬잖아' 심사가 있겠습니다!!
최근에 vip 부스터나 익성비 등등
유니온 육성에 도움이 되는 날먹날먹템들 말고 순수 육성으로 한번 동선을 짜보는 대회(?)인데요!!
소중한 시간 내주셔서 참여해주신분들 덕분에 오늘 컨텐츠 진행이 가능할 것 같습니다!!

저도 보고 정성에 놀랄정도로 ㄷㄷ 엄청나게 진심인분께서 신청도 해주셨는데
오우.. 야무집니다... 이따 저녁에 공개하도록 하겠습니다 ㅋㅋㅋ
오늘 방송은 저녁 8시에 오겠습니다!!!! 

다들 좋은 주말 보내시고 오늘 유튜브 영상(산보이드 마지막 화)도 올라올 예정이니
좋아요 많이 눌러주시고 재밌게 시청해주세요!

유튜브 업로드 일정 : 메이플 200만 지르면 컨텐츠들 추가 업로드/로아 2막 아브렐슈드 클 영상 올라올 예정!",0,4개월 전,9월 28일,저녁 8시,유니온 콘테스트 '다 짜줬잖아' 심사,유니온 육성 대회 진행,미업로드
"오늘 7시30분 전으로 오겠씁니다~~~~
호영 290까지 얼마 안남았네유 ㄷㄷㄷㄷ

얼른 290찍고 부캐도 키우고싶군.. 제로 쿨뚝도 맞춰주고 싶구나........
오늘 와서 또 재밌게 놀아봅시닷 ~!!

이따봐유 =-=!",0,4개월 전,오늘,7시30분,290까지 얼마 안남았네유,"290찍기, 부캐 키우기, 제로 쿨뚝 맞추기",미업로드
"반갑습니다 사랑하는 턱붕이 여러분!

어제 아브렐슈드 산악회 4등 클리어 와~~~~

넘 빡세게 달렸드아.. 지금 일어남ㅋㅋㅋ..

일어나니까 피로 누적이 좀 있었나봅니다

오늘 하루는 쉬어가겠습니다! (__) 

우린 4등에 뭔가 있는건가!!!

이번에 보스가 진짜 빡세게 나왔더라고요ㄷㄷ

쉽지 않았다.. 응원해주신분들 감사하옵니닷!!!!

이번 트라이 하면서 느낀게 잔재 한번 해볼듯합니다

보석 3개 더 맞춰야되고.. 돌대 유각도 읽어야되네.. ㅎㅎㅜ

버스트가 한방 뽕맛이 좋긴 좋은데 요즘 메타캐릭이

아니게 된 것 같음 흑흑ㅜㅜ 아쉽구만

잔재 개빡고수형님 구해봅니다요!!

금,토 방송 공지입니닷

금 - 메붕이 달린다 보스

토 - 다 짜줬잖아(유니온 콘테스트) 유니온 장인분들께서 보내주신 최근 렙 200까지 최적 동선 컨텐츠 !!

금요일 밤 23시59분59초에 마감입니다

관심 있는분들은 최근 유튜브 커뮤니티 글,명훈 카페 참고해주세요!!(상금 있음!!!)

항상 시청해주셔서 감사합니다☆

ps.죠르디 카와이!!!

﻿",0,4개월 전,4월 1일,23시,쉬어가는 날입니다!,쉬는 날,업로드
"오늘 생방 공지!!!!!

카제로스 레이드 제 2막 『아브렐슈드』 레츠고!!
사멸 상향 & 아브렐 퍼클 가봅시다!!!!!!!!
턱붕이들 덕분에 유물 풀 각인 + 에스더 9강 엘라엘라 다 했다..
너무 고맙습니다 여러분!!!!!!

9시 10분에 키겠습니다!

오늘 함께 달려봅시다 퐈이팅!!

생방송은 치지직에서 : https://studio.chzzk.naver.com/5d53f8...",0,4개월 전,2022년 3월 15일,9시 10분,함께 달려봅시다 퐈이팅!!,카제로스 레이드 제 2막 『아브렐슈드』 레이드,업로드
"반갑습니다 사랑하는 턱붕이 여러분! 9월 24일 방송 공지입니당

오늘 방송은 저녁 산악회로 시작 + 수요일날 나오는 카제로스 레이드 제 2막 아브렐슈드 준비까지 해보겠습니다!

이번에 유각도 읽고 에스더 엘라엘라 9강도 해놓고 열심히 질러서 준비했는데 허허

오랜만에 퍼클 한번 해보고 싶네요!!!! 열심히 해보겠습니다 (__) !!!!

다들 행복한 하루 보내시고 이따 저녁에 뵙겠습니다!

생방송 : https://chzzk.naver.com/5d53f8fa5bef9...",0,4개월 전,9월 24일,저녁,퍼클 한번 해보겠습니다!,산악회 시작 + 레이드 아브렐슈드 준비,미업로드
"반갑습니다 사랑하는 턱붕이 여러분!
토요일~일요일 24시간 방송 같이 시청해주신분들 감사합니다!!!
24시간 할 생각은 없었는데 290 목표로
일요일 썬데이+시청자분들도 같이 달리다보니..... 24시간을 해버렸다ㅋㅋㅋ

운동하고 오늘 방송 8시쯤 오도록 하겠습니다!!!!!!
큐브 보상 공지 떴네요.....

하 큐브 보상..
이때 한창 스타포스랑 에디를 더 많이 했는데.....
미리 봐버림.. 빨간약......ㅋㅋㅋㅋㅋ

이따 같이 봅시다!",0,4개월 전,일요일,8시,24시간 방송 감사합니다!,큐브 보상 공지,업로드
"안녕하세요 명예훈장입니다!!

원래 메이플 유니온 캐릭터 동선을 짤때 사냥으로만 동선을 짰는데
이번에 퀘스트가 개편되면서 좀 괜찮은 동선이 새로 생겼더라고요

유저들이 모르는 개꿀동선,본인만의 개꿀개꿀동선 + 진짜 숨겨진 꿀팁 + 육성 팁 베스트 공략 콘테스트를 열어봅니다
이벤트 이름 ""다 짜줬잖아""

[상금 20만 넥슨캐시]

동일한 꿀팁일 경우 꿀팁이 더 많은분이 상금을 차지하게 됩니다.

영상 녹화 1080p 해상도 + 60프레임으로 본인의 빌드와 꿀팁을 자세하게 써서

mlchoins1@naver.com 메일로 보내주세요!

(보내실때 본캐 닉네임 적어주세요! 유튜브에 박제시켜드립니다. 원치 않으신분은 안적으셔도 됩니다.)

우승자가 아니더라도 진짜 우승자만큼의 뮈친꿀팁을 공유해주시는분 한분을 뽑아서

턱치킨 한마리도 보내드려보겠습니다.

*제출해주신 영상은 명예훈장 유튜브에 올라오게 됩니다.
ㅡㅡㅡㅡㅡㅡㅡㅡㅡㅡㅡㅡㅡㅡㅡㅡㅡㅡㅡㅡㅡㅡㅡㅡㅡㅡㅡㅡㅡㅡㅡㅡㅡㅡㅡㅡㅡㅡㅡㅡㅡ
룰

통상적으로 쉽게 구할 수 있는 경험치 도핑들만 사용해주세요.

메가버닝 사용 기준으로
현재 이벤트로 구할 수 있는 3배 쿠폰/유니온/링크/추가 경험치 쿠폰/몬파 물약 사용 가능입니다.

익성비X
VIP 부스터X
유니온 성장의 비약X
테라 블링크X
테라버닝X
황금농장,딸기농장X
텔포 월드맵 2개까지 사용 가능
나머지 길라잡이로 활용해주세요!

효율만을 추구하는 방식으로 동선을 아주아주 깔끔하게 짜주시는분께 상금을 드립니다.
직업도 본인이 최대한 깎을 수 있는 직업으로 해주시면 됩니다.
대신 그 직업만 할 수 있는 동선으로 짜는건 안됩니다.
모든 직업이 할수는 있어야됨
ㅡㅡㅡㅡㅡㅡㅡㅡㅡㅡㅡㅡㅡㅡㅡㅡㅡㅡㅡㅡㅡㅡㅡㅡㅡㅡㅡㅡㅡㅡㅡㅡㅡㅡㅡㅡㅡㅡㅡㅡㅡㅡ

영상 찍으실때 육성 전 캐릭터 상태점검(유니온,링크,경험치 도핑 뭐 받고 있는지,도핑 뭐 할지,템 같은거 소개)

메일로 보내주실때는

1~30 들개들의 사냥터
등등등

이런식으로 보내주시면 됩니다!


이벤트 기간 9월 22일 ~ 27일까지 영상 제출
이후 9월 28일 토요일 생방송때 심사(시청자분들이랑 같이 볼 예정)

빠른것도 빠른건데 '꿀팁'이 중요합니다. 본인이 공유할 수 있는 내용들 같이 공유하면 베스트!!",0,4개월 전(수정됨),9월 22일 ~ 27일,생방송은 9월 28일 토요일에 진행,"""다 짜줬잖아"" 이벤트 공지",유니온 캐릭터 동선 꿀팁 콘테스트,미업로드
"오랜만입니다 6시쯤 오겠습니다!

할게 많네요잉 ㅎㅎ 푹 쉬고 왔슴다!! 이따 봐요~",0,4개월 전,,6시,오랜만에 돌아왔습니다!,오늘은 할 일이 많아요~,미업로드
"반갑습니다 사랑하는 턱붕이 여러분!!

즐거운 추석 연휴 보내셨나요!!

추석특집으로 산보이드 열심히 달렸네요

거의 50시간ㄷㄷㄷ

이번에도 너무 재밌게 즐겼다.. 아쉬운것도 많았지만

열심히 달려봤습니다!!!

다음에 기회되면 솔로 좀보 한번 해보려고요

산악회랑 하면서 새로운 재미를 느껴버렸다..!!

이번에 목,금 재정비 휴방하고

토요일날 복귀할게요!

밀린 잠좀 자고 할일 열심히 해서 오겠습니다!!

곧 돌아온 아브렐슈드도 있고

아주 재밌겠구만요 이번엔 퍼클 드가자!!

오늘 유튜브 영상(메이플)올라옵니닷

컨펌하고 이따 올리면 좋아요 많이 눌러주세요!!

﻿",0,4개월 전,10월 7일,토요일날 복귀,토요일날 복귀할게요!,휴방 후 잠을 자고 할일 열심히!,없음
"마지막 산보이드

이따 봅시다 6시 10분 스타트입니다 (__)",0,4개월 전,,6시 10분,이따 봅시다!,라이브 방송,미업로드
"6시 20분쯤 바로 키겠슴다!

오늘 6시 30분부터 산보이드 2일차 시작합니다!

​

어제 다명초 모여서 오늘은 전기 +차량 정비 올리고 좀 돌아댕겨보겠슴다

​

목숨은 한개다............ 1호기로 엔딩 볼게요 갑시닷!!!",0,4개월 전,,6시 30분,산보이드 2일차 시작,전기 + 차량 정비,미업로드
"산보이드 정상화 완료

어제 버그가 넘 많아서 렉이 되게 많이 걸렸쥬 ㄷㄷ;;
오늘은 모드 빼고 정상화된 버전으로 재시작합니다!!!!

NEW NEO 산보이드 드가자! 오늘 7시에 출발합니다!
저는 방송 5분 내로 킬게요잉~

생방송 : https://chzzk.naver.com/5d53f8fa5bef9...",0,5개월 전,어제,7시,버그 정상화 완료!,NEW NEO 산보이드,미업로드
"반갑습니다 사랑하는 턱붕이 여러분!
다들 즐거운 추석 보내세요!!!!!!

명훈 방송 일정 : 추석 종겜!!!!!!
프로젝트 좀보이드 + 산악회  산보이드가 왔습니다

이번 산보이드는 오늘 저녁 7시부터 시작합니다!!
한 5일정도 진행할 예정이고요

난이도 역대급이라고합니다 ㅎㄷㄷ;; 
태어나는 지점도 모두 랜덤이라
엄청나게 어려울 것 같네요..... 한번 열심히 해보겠습니다.. 살아남아보자!!!

풀영상은 다시보기 채널에 바로바로 올라올 예정이니 많은 시청 부탁드립니닷!

오늘 방송은 준비할게 좀 있어서 한 6시쯤 킬 것 같습니다!!
그럼 이따 뵙겠습니다 (__)!!!

생방송은 치지직에서!
링크 : https://chzzk.naver.com/5d53f8fa5bef9...",0,5개월 전,추석,7시,추석 종겜 시작!,프로젝트 좀보이드 + 산악회,업로드
"오늘의 방송!!!!!
2시 10분 ON!

3시 [고! 고! 머핀!] 광고) 아주 커여운 모바일 게임 같이해요!!!! 재밌게 한번 즐겨보겠습니닷ㅎㅎ!

광고 마친 이후 메할일

끝나고 토요일 산보이드 손풀기+

8시 로아 산악회까지 이어질 예정입니다!!

토요일 7시부터 산보이드 시즌3 시작합니다!! 많이 기대해주세요잉ㅎㅎ",0,5개월 전,토요일,2시 10분,오늘의 라이브방송 공지!,"[고! 고! 머핀!] 광고, 토요일 산보이드 손풀기, 로아 산악회",미업로드
"오늘 밸패했네요!!!!!!!!!!!!!!!!!!
어제 해설 다녀온거 잠깐 썰풀고
메이플 호영 상향 & 플래티넘 애플 어떻게 나왔나 좀 보겠습니다ㅏㅏㅏㅏㅏ
방송 8시에 키겠습니다!!!!",0,5개월 전,오늘,8시,밸패했네요!!!!!!!!!!!!!!!!!!,메이플 호영 상향 & 플래티넘 애플,미업로드
"사랑하는 턱붕이 여러분 반갑습니다

어제 모든 보스 마구마구 밀어버렸던 이유 두둥!!

오버워치 러너리그 결승 특별 게스트 해설로 참여하게 되었슴다!

러너리그 시즌1 감독 우승자의 시선으로 짜치는 해설

드가보겠습니다ㅋㅋㅋ 어우 어제 방송 새벽에 끝내고

경기도 보고 최근 메타도 보고 했는데..

전문적인 해설은 아닐 것 같슴다 재미로 봐주세요ㅋㅋㅋ

오늘 끝나면 밤일 것 같은데 와서 할수있음하고

아니면 목요일날 와서 메플 패치 리뷰+밸패 리뷰해볼게요!

오늘 뱅송은 치지직 러너형 방송에서 진행됩니다!!

6시에 봐용 *-*

﻿",0,5개월 전,오늘,6시,러너형 방송으로 진행,오버워치 러너리그 결승 해설,미업로드
"사랑하는 시청자 여러분 반갑습니다!
오늘의 방송 공지입니다!

7시쯤 방송 ON 예정입니당!!!!! 오늘 달려보자!

메할일+오늘 검마 4배럭ㄷㄷㄷㄷ
조각먹자 2캐릭(호영,제로) 돌려서 오늘 개부자되는 날 가겠습니다ㄷㄷㄷㄷ

이따봅시다!!!",0,5개월 전,2022년 10월 15일,7시,오늘도 화이팅!,"메할일+검마 4배럭, 조각먹자 2캐릭(호영,제로)",미업로드
"반갑습니다 사랑하는 시청자 여러분!
토요일 방송은 휴방입니다! 푹 쉬고 재충전해서 오겠습니다!

어제 로아 에스더 엘라*2 [9강] 오너가 되었습니다!
다 여러분 덕분입니다. 감사합니다 (__)!!!!
요즘 RPG들 강화 비용이 다 빡세긴 한데 일단 눌러야되니 눈물을 머금고.... ㅎㅎ..
곧 밸패도 해줄테니 밸패받고 아브렐슈드 슛 가보겠습니다 ㅎㅎ

메이플도 테섭에서 호영 밸패했는데 잘 들어오면 좋겠네요!
RPG 2개 하니까 두개 밸런스 스트레스를 같이 받아버림ㅋㅋㅋ

메이플 로아 둘 다 잘 좀 하자!!

당분간 컨텐츠는 메이플 위주로 200만 지르면 와헌&제논 유튜브각 나올때마다 찍고
유튜브 많이 많이 올릴게요! 시청해주셔서 감사합니다 (__)

일요일 생방송은 모바일 게임 찍먹 한번 해보겠습니다!

오늘도 유튜브 올라왔으니 재밌게 봐주십쇼!!!!
[와헌vs제논 영상, 어비스메이트 광고 영상]
좋아요 많이 눌러주시고 구독 뱃지 가독성도 정상화해서 오도록 하겠습니다~

푹 쉬고 내일 봐요!",0,5개월 전,토요일,휴방,쉬고 재충전 중,없음,미업로드
"반갑습니다! 사랑하는 시청자 여러분!!

​

여러분 오늘 일좀 하고 6시에 오겠습니다! (유튜브 영상 검수! 어제 올라온 영상 재밌게 봐주세요!) 

​

산악회 오늘 8시입니다! 아브렐 대비 오늘 에스더 9강 가도록 하겠습니다 (__)

​

그리고 구독 뱃지가 정상화 되었습니다!! 이제 턱붕이들은 다 배트여ㅋㅋ

유튜브 시청자분들도 멤버십 가입해주시면 뱃지를 사용하실 수 있씁니다!!!!!!!


​

구독티콘 만들어야되는데 구독티콘은 한번 제작 맡겨보고 잘 만들어주실 수 있는분으로 모셔서

​

추가 제작해보겠습니다~! 좋은 아이디어 있으면 많이 써주세요 ㅎㅎ

https://cafe.naver.com/gmsmgame/152496

[유튜브는 구독 뱃지 예시가 다 안 나와서 카페에서 한번 확인 부탁드립니다!!!!!]",0,5개월 전,,6시,영상 재밌게 봐주세요!,"산악회 오늘 8시, 에스더 9강",업로드
"4시 신창섭 라이브ㄷㄷㄷㄷㄷㄷㄷ

오늘 메이플 테섭 업데이트 리뷰날입니다!!!!!!

​

바로 방송 킬게용! 

​

치지직 주소 : https://chzzk.naver.com/5d53f8fa5bef9...",0,5개월 전,4시,4시,메이플 테섭 업데이트 리뷰,메이플 테섭 업데이트 리뷰,미업로드
"오늘 방송 1시 30분 전에 옴!!!! 

소연누나가 여는 동물타워배틀 대회 참여합니다

(2시 시작ㅋㅋ)

옛날 수박게임 대회 비슷한 느낌입니다 가벼운 대회인데 한번 참여하기로 했어용ㅋㅋㅋ

끝나고 메이플 ㄱㄱ!! 오늘 할거 진짜 개많다!!!!!!!!!!!!!!!!!!!!!!!!!!!!!!! \
보스 밀린거 하고 제논&와헌 하이마운틴 해야됨 큰일이다......

이따봅시다!!!!!!!!!!!",0,5개월 전,,1시 30분,동물타워배틀 대회 참여,"동물타워배틀 대회, 메이플 보스 밀리기, 제논&와헌 하이마운틴",미업로드
"오늘의 방송 8시 레츠고~~~~

와서 재밌게 또 놀아봅시다잉 ㅇㅅㅇb",0,5개월 전,오늘,8시,레츠고~~~~,재밌게 놀기,미업로드
"반갑습니다 사랑하는 시청자 여러분!!!

약 23시간 방송을 마치고 공지 씁니다!
시청해주신분들 너무 너무 감사합니다! 같이 고생많았어요!!

오늘 썬데이 메이플 꿀 빨려고 와헌&제논 계정 유니온을 열심히 키웠습니다!!
필수 링크 키운 느낌이긴한데 이제 베이스 갖춰놨으니 속도 붙이면 금방 올라갈 것 같아요!

아무래도 200만 지르면 컨텐츠가 200만 지르는것도 지르는건데
내실도 채워야되니까 좀 고생하더라도 오늘 유뇬좀 올리려고 했는데
하다보니 지금까지 해버렸네요ㅋㅋㅋㅋㅋ;

다들 다시 한번 넘 감사했습니다★ 덕분에 재밌게 방송했슴다!

월요일은 휴방입니다! 푹 쉬고 화요일날 다시 복귀하도록 하겠습니다!
9월도 파이팅 해보자고요!

ㅡㅡㅡㅡㅡㅡㅡㅡㅡㅡㅡㅡㅡㅡㅡㅡㅡㅡㅡㅡㅡㅡㅡㅡㅡㅡㅡㅡㅡㅡㅡㅡㅡㅡㅡㅡㅡㅡㅡㅡㅡㅡㅡㅡㅡㅡㅡㅡㅡㅡㅡ
+오늘 유튜브 영상 업로드 됩니다! 좋아요&구독 많이 부탁드립니다!




+어제 영도 오류 때문에 스킵되신분 있으면 메일 mlchoins1@naver.com 여기로 남겨주세여!",0,5개월 전,2022년 9월 4일,약 23시간,감사합니다! 휴방 안내,썬데이 메이플 유니온 키우기,업로드
"반갑습니다 사랑하는 시청자 여러분!
명예훈장입니다!

오늘의 방송 공지 전달드립니다!
★5시 30분쯤 스타트!!!

어제 와헌&제논 6차까지 진행 완료했습니다!
오늘 딜 사이클 더 빡세게 짜서 가엔슬 대결 다시 한번 진행해보겠습니다!!
6차 둘 다 맛있음....... 이제 6차도 했으니 좀 더 숙련도 있게 극딜 넣어서 비교해볼게요!!!

★7시 '어비스 메이트' 광고!!

로그라이크 시스템 + 태그액션 RPG 모바일 게임입니다!!!!
게임 되게 재밌어보이더라고요!!!!!!!!
오늘 물쥐형이랑 같이 광고 진행합니다!!!!ㅎㅎ 잘 부탁드립니다!

★어비스 메이트 광고 종료 이후
썬데이 메이플 룬3배 반드시 가야지!!!!!!

와헌&제논 계정 불타는 세르니움 뚫고 유니온,링크작 들어가보도록 하겠습니다!!
[유니온,링크작 할때는 영도 육성 ㄱㄱ]!

+오늘 유튜브 200만 지르면 와헌 육성편 올라옵니다! 올라오면 재밌게 봐주시고 좋아요&구독 많이 부탁드립니다!",0,5개월 전(수정됨),,5시 30분,오늘은 가엔슬 대결!,"와헌&제논 계정 유니온,링크작",미업로드
"오늘 10시 이후에 옵니닷!! 좀 늦을수도 있어요잉

200만 지르면 2편 유튜브 영상 컨펌하는거라 오늘 안올라오고 영상 내일 올라올수도 있습니닷

양해부탁드립니당(__)

이따 봅시닷!!!

(이따 와서 할일 에반,불독 검마 막차,그리고 제논 와헌 6차 갑니다!)",0,5개월 전,오늘,10시 이후,양해부탁드립니당(__),"에반,불독 검마 막차,그리고 제논 와헌 6차",미업로드
"오늘 방송 6시쯤!!!!

ㅇㅅㅇb
오늘 산악회 8시입니다!

6시쯤 와서 로아 초각성 구경+산악회까지 하고
메이플 방송 레츠고~~~~~~~!

이따봅시다!",0,5개월 전,오늘,6시,산악회 8시 시작!,"로아 초각성 구경, 산악회, 메이플",미업로드
"반갑습니다 사랑하는 시청자 여러분!
오늘 저녁에 올려고 했는데 할일이 넘 많네요 크아악!!!!
하루 한번 휴방하고 가겠습니다 죄송하옵니다 ㅠ.ㅠ!

대신 오늘 유튜브 영상 2개 드리겠습니다..... 재밌게 봐주세요!!!!!!!
[FPS콘코드★/메이플 200만 지르면★]
여러분들이 좋아요를 많이많이 눌러주시면 기분이 좋아집니다 굳!

오늘 로아 초각성이 나왔는데 산악회 목요일이여서
준비좀 하고 내일 맛있게 보여드리겠습니다!

부캐 초월 + 무기초월도 하고 올게요... 하...이거 언제 다 하냐ㅋㅋㅋ

내일은 로아+메이플 데이! 오늘 할일 하고 낼은 일찍 와보도록 하겠습니다~!!
그럼 저녁 맛있게 드시고 내일 봬요!

항상 고맙습니다!",0,5개월 전,,,휴방 공지 및 유튜브 영상 2개 업로드 예정,"로아 초각성, 부캐 초월, 무기초월",업로드
"반갑습니다 사랑하는 시청자 여러분!!
카론 1박 2일 마치고 어제 푸우우욱 쉬고 씻고 일어났습니다!!!


다들 재밌게 보셨나요 허허헣 야외 방송을 1박 2일로 찍는건 처음인데
진짜 새로운 경험이였습니다!!! ㅋㅋㅋ



너무 고생하신 카론,제작 지원해주신 치지직,멤버들,촬영해주신 패러블(미뮤)스탭분들 다들 고생하셨습니다!
시청해주신 시청자분들께도 너무 감사합니다!



새로운 모습 많이 보여드린 것 같은데 다음엔 더 잘해볼게요!!!!!


옛날엔 피시방 안가면 나가서 뛰어놀기만 했어가지고 아직 머슬메모리가 남아있었어!!!!
그런데.. 오랜만에 몸 쓰니까 근데 후유증이.... 근육통이 살짝 왔음ㅋㅋㅋㅋ 켁..



오늘 방송은 낮에 올 것 같아요!
머리 커트한지 좀 오래돼서 커트 마치고 바로 오도록 하겠습니다!
(오늘 아마 4시 전 예상)

***5시에 옵니당***



다들 이따 봅시다~~~~~!! 오늘도 좋은 하루! 파이팅!!

심심하신분들은 명예훈장 유튜브로 ㅎㅎ!!!",0,5개월 전(수정됨),2022년 3월 15일,5시,새로운 경험 고마워요!,머리 커트 후 방송,업로드
"반갑습니다 사랑하는 시청자 여러분!!!!
오우 토요일..... 거의 죽다 살아났네요ㅋㅋㅋㅋ 기절하고 1시에 일어나서 지금 또 일하는중....

토요일에 휴방 아니면 와서 배틀로얄 본다고 했었는데 체력 충전 이슈로 인해서 어제는 푹 쉬었다고 봐주심 될 것 같습니다!!!!!!!

일,월은 카론 1박2일이 진행됩니다!!!!!!!!!!
생방송은 동숙형 치지직 방송에서 진행하고요!
요즘 엄청 덥던데 개고생 한번 하고 오겠슴다!!!!!ㅋㅋㅋ

다들 오늘 아침에 봅시다!!!!",0,5개월 전,토요일,생방송 없음,푹 쉬었다고 봐주심,휴방,미업로드
"반갑습니다 사랑하는 시청자 여러분★!!
8월 23일 방송 공지입니다!

오늘의 방송 : 12시 30분쯤 스타트!!

200만 지르면 와헌 vs 100만 지르면 제논
아직 메포만 충전해놓고 엄청나게 사용하진 않았는데요!
현재 와헌 245 / 제논 239까지 찍었습니다!(차원의 햇살 굳ㄷㄷ;;)
풀코강하고 오늘 가엔슬 클탐 대결 예정입니다!!
(메포 사용 예정!!)

2시30분 or 3시부터
SONY PLAYSTATION CONCORD(콘코드) FPS 게임 광고 진행하겠습니다!
플레이 스테이션과 PC 크로스플레이를 지원하는 게임인데요! 저는 PC로 플레이하겠습니다!!
FPS 한번 불태워보겠습니다!!! 재밌어보여서 오늘 같이 소개드리면서 달려볼게요 ㅎㅎ


5시 로아 라이브(전재학 디렉터)

유물 풀 각인서 오너 입장으로 오늘 라이브 한번 먹어보겠습니다 ㅇㅅㅇ;;
로아도 정상화 드가보자..

로아 라이브 일정은 광고 일정이 있어서 2시 30분에 빠르게 진행되면 5시부터 바로 보고
그게 아니라면 3시부터 5시까지 광고 진행 예정이라 라이브를 보는게 조금 늦을 수 있습니다!
이 부분 양해 부탁드립니다!

이후 로아 라이브까지 보고 메이플 방송 쭉 진행하도록 하겠습니다!

그리고 현재 치지직에서 영화 배틀로얄 다시보기를 9월4일까지 진행하는데
일정 맞게 되면 같이 보도록 하겠습니닷!

그럼 오늘도 다들 파이팅! 이따 봅시다!

*다시보기는 유튜브 '명훈 다시보기'
*치지직 채널 주소 : https://chzzk.naver.com/5d53f8fa5bef9...",0,5개월 전,8월 23일,"12시 30분, 2시 30분 또는 3시, 5시",오늘도 다들 파이팅!,"와헌 vs 제논 대결, SONY PLAYSTATION CONCORD FPS 게임 광고, 로아 라이브",업로드
"반갑습니다 사랑하는 시청자 여러분!
오늘 8시 산악회부터 스타트!
(바로 방송 킵니다!)
유물 각인서 다 읽고 버스트 한번 쏴보겠슴다!!!!!

내일 광고 일정때문에 오늘 메이플 가능하면 진행하고 아니면 내일 일찍와서 광고 전에
컨텐츠 진행하도록 하겠습니다!!!

드가자!",0,5개월 전,오늘,8시,산악회부터 스타트!,유물 각인서 읽고 버스트,미업로드
"반갑습니다 사랑하는 시청자 여러분! 오늘 방송은 할일 마치고 6시쯤에 올게요 좀 늦을수도!

에반/불독 보스레이드부터 시작하겠습니다! 메포 벌어보자잇

이번에 추가할 컨텐츠는
200만 안지르고 와헌따잇하는재미로
NEW 캐릭 하이퍼버닝+아이템버닝 제논 12시 전에 스타트해서 와헌이랑 같이 키워보겠습니다!
12시 넘으면 목요일 초기화라 또 바쁠 예정이네요 달려봅시다

제논은 일단 새삥캐릭이라 3일동안 교환불가라서 아이템버닝으로 키우다가 각보고 메포 충전해보겠습니다잉

이따봅시다!

치지직 주소 : https://chzzk.naver.com/5d53f8fa5bef9...",0,5개월 전(수정됨),,6시,반가워요! 늦을 수도!,"에반/불독 보스레이드, 제논 키우기",미업로드
"반갑습니다 사랑하는 시청자 여러분!!!! 어제 컨텐츠 재밌게 보셨나요 ㅎㅎ
다들 많이 도와주셔서 재밌게 진행된 것 같습니다!! 올만에 메이플 재밌었다 ㅎㅎ

끝나고.. 와헌도 하면서 제논도 해보고 싶어서 제가 좀 더 달려보려고 합니다!!!!!
제논은 100만만 지르면으로 다른 계정 하이퍼버닝으로 해볼 것 같아요 ㅋㅋㅋㅋ

어제 컨텐츠 비용을 여러분들이 거의 지원해주셔서ㄷㄷㄷ; 저는 좀 더 재미를 드려보겠슴다!!!!!!! 다들 감사합니다!!!!

오늘은 외부 일정이 있어서 다녀올 것 같아요!!!!
잘 하고 오겠씀다 하하 저녁에 아마 못킬듯 ㅠ 오늘 12시간 하고 밤새버림 크흡ㅁㅠ ㅠ

재정비 하고 수요일날 다시 키도록 할게요!!! (또 공지하겠습니다!)

고맙습니다!",0,5개월 전(수정됨),10월 5일,12시,감사합니다! 재미있는 시간 보내요!,"제논 키우기, 외부 일정",미업로드
"반갑습니다 사랑하는 시청자 여러분!

오늘 방송은 9시쯤 ㄱㄱ요!

투데이 컨텐츠 : 메이플 200만 지르면

요즘 유행하는 노래가 있어서 직접 200만 질러보겠습니다ㅋㅋㅋ

직업추천 핀볼로 진행해볼 예정입니다!!!!

(했던 직업들 제외) 이따 봐요잉~~",0,5개월 전,,9시,사랑하는 시청자 여러분!,메이플 200만 지르면,미업로드
"반갑습니다 사랑하는 시청자 여러분!
어제 공겜하고 후유증.... ㅎㅎ..허허허헣 어제 영상들 다시보기 채널에 업로드 되었습니닷!!!!!
오늘 명튜브 영상은 10시에 올라올 예정입니다 :> 다들 재밌게 봐주세요!

말씀드렸던대로 오늘은 휴방입니다!! 
최근에 쭉 달려서 일하면서 휴식하고 있습니다!

편집자 신청을 엄청 많이 해주셔서 뽑는데 좀 더 걸릴 것 같아요 흑흑
신청해주신분들 너무너무 감사드려요!!!!!!!

오늘 구독뱃지도 추가 작업 회의하고
편집영상 컨펌하고 집 흡음판 작업하고 등등등등등등 짱 많았다 하하하핳(악몽이가 도와주러옴ㅎㅎ)

월요일에 인터넷도 바꿔서 옵니다 =.= 아마 저녁에 올 것 같아요!!

저는 더 열심히 일하고 오겠씀다 ㅎ

감사합니다!!!! 다들 맛난거 먹고 푹 쉬고 낼 보자~",0,5개월 전,,10시,휴방 공지 및 휴식 중,없음,업로드
"반갑습니다 사랑하는 시청자 여러분!!!!!
방종하고 미리 공지씁니다 ㅎ.ㅎ 오늘도 시청해주셔서 감사합니다!!

오늘 7시에 산악회 있습니다! 로아 한번 조지고 끝나고 공포게임 진행 예정입니다!
목욕탕 공포게임입니다 올만에 공겜 한번 조져보겠슴다!!!!!

건벤져스X양띵크루 서열정리전 유튜브 다시보기 업로드 될 예정
유튜브 영상도 이번에 올라온거 재밌게 봐주십쇼!!!!

ㅇㅅㅇb
다들 행복한 하루 되시고 이따가 봅시다!

생방송은 치지직 : https://chzzk.naver.com/5d53f8fa5bef9...",0,5개월 전,오늘,7시,산악회 후 공포게임 진행!,산악회 후 공포게임,미업로드
"오늘 재밌겠다용 건벤져스 + 양띵크루 서열정리전!!

레츠고 ! 10시 좀 넘어서 오께요잉
*수정 일하느라 10시 30분에 올게요!!!!!

12시정도부터 시작한다고합니다ㅎㅎ

삼식형 마크실력 체크갈게요ㅋㅋㅋ

﻿",0,5개월 전(수정됨),오늘,12시,재밌겠다용 건벤져스!,양띵크루 서열정리전,미업로드
"대한 독립 만세!! 8월 15일 방송 공지입니다!

오랜만에 마구 사냥을 해버렸군요....ㅋㅋㅋㅋㅋ

어제 잠깐만 열었는데 영도가 계속 나와서 아침까지 사냥을 달려버렸어!!!ㅋㅋㅋ

정리좀 하고 이제 자러갑니당! 오늘도 저녁에 옵니다욧!!! 9시 30분쯤에 올듯요!!!

​

오늘은~!!!!!

옛날에 메악회 검마깰때

동숙형한테 제로 템을 줬었는데 정상화 요청을 해놨습니다 ㅋㅋㅋ

으뜸기사한테 판매한 부위 말고 다시 흡수 ON.. 제로 부활 가나?!ㅋㅋㅋ

​

주간보스 좀 돌리고 사냥도 할 수 있음ㄱㄱㄱ 하겠습니다! 

제가 날짜를 착각해서 건벤져스 서열정리는 16일 - >17일 넘어가는 12시쯤 진행한다고 합니다!! 

​

그래서 오늘은 올데이 ㄱㄱ ㅇㅅㅇb 이따 봅시다!!

​

치지직 주소 : https://chzzk.naver.com/5d53f8fa5bef9...


+ 그리고 편집자 1차 합격 전달 일요일날 드리겠습니다!
8월 18일 (일요일) 1차 합격자분들께 메일 전달 예정입니다!!
지원해주신분들 너무 감사드립니다! 꼼꼼히 확인 후 전달드리겠습니닷!",0,6개월 전(수정됨),8월 15일,9시 30분,대한 독립 만세!!,"주간보스 돌리기, 사냥",미업로드
"오늘의 방송 9시 30분~ 10시 스타트!!!!!

어제 켠왕 아닌 켠왕을 해버렸네요 ㅋㅋㅋㅋ 하데스도 클리어 완료!!!!

다음에 또 재밌는 게임 있으면 퍼먹어보겠습니다 ㅎㅎ

오늘은 와서 밥+카페 좀 보고 겜 드루가겠습니다~!!!",0,6개월 전,오늘,9시 30분~ 10시,재밌는 게임 퍼먹어보겠습니다,밥+카페 보고 겜 드루,미업로드
"안녕하십니까 사랑하는 시청자 여러분!
반갑습니다 명예훈장입니다 (__)

2024년 8월 13일부로 치지직 파트너 스트리머가 되었습니다!

치지직 생방송 주소 : https://chzzk.naver.com/5d53f8fa5bef9...
팔로우 많이 부탁드립니다 (__)

항상 시청해주셨던 아프리카TV 시청자분들,그리고 유튜브 생방송 시청자분들께!!
다시 한번 감사하다는 말씀 전달드립니다 (__)

정말 오랫동안 함께 방송을 진행해왔던 플랫폼들이라 정이 많이 들었네요..
2010년부터 방송국도 개설하고 버블파이터,오버워치,메이플을 거쳐서 인생의 절반을 방송과 함께했다...ㅋㅋㅋ
명예훈장의 새로운 도전 많이 응원해주시면 좋겠습니다!

내일부터는 [유튜브 커뮤니티/네이버 명예훈장 공식 팬카페/치지직 커뮤니티]에서 방송 공지가 업로드 됩니다!!!

앞으로도 함께해주시면 너무 좋겠지만
플랫폼 이슈 또는 외국 이슈로 방송을 챙겨보지 못하는 분들을 위해서
체계적으로 유튜브도 운영하면서 생방송과 유튜브 열심히 챙기면서 달려보겠습니다!
(오늘도 영상 8시 업로드됩니다!)

그리고 구독 관련해서! 바뀔 뱃지 예시입니다!
(더 많이 바뀔 예정! 초반 성장 체감이 없어서 성장 체감하실 수 있게끔 아이디어 모아서 전달드릴 예정입니다!)

치지직 구독뱃지는 현재는 유튜브 멤버십과 같은 뱃지입니다! (용용이)

제작해주실 금손님께서 15일부터 제작이 가능하다고 하셔서
의견 취합 후 유튜브 멤버십+치지직 구독 뱃지가 개편될 예정입니다! (그 전까지는 용용이입니다! 양해 부탁드립니다!)

이런 느낌의 배트 뱃지가 될 예정이고 구독티콘은 의견 계속 받아서 만들어보도록 하겠습니다!

유튜브 멤버십도 혜택 관련해서 많이 개편될 예정입니닷! 항상 감사합니다 (__) !!


오늘 방송은 9시에 오도록 하겠습니다!!!!

투데이 컨텐츠 -

0부 치지직 웰컴 키트 오픈 + 카페 확인하기!
1부 메이플 새로운 패치 확인하기
2부 스팀 게임 - 하데스 예정!! 로그라이크류인데 한번 먹어보도록 하겠습니다!

그럼 이따 봐요!!



ㅡㅡㅡㅡㅡㅡㅡㅡㅡㅡㅡㅡㅡㅡㅡㅡㅡㅡㅡㅡㅡㅡㅡㅡㅡㅡㅡㅡㅡㅡㅡㅡㅡㅡㅡㅡㅡㅡㅡㅡㅡㅡㅡ
유튜브 시청자분들께
유튜브 시청자분들! 언제나 너무너무 감사했습니다!
다시보기 채널에서 얼굴 계속 비추겠습니다! 자주 봐요!!!",0,6개월 전(수정됨),2024년 8월 13일,9시,새로운 도전 응원 부탁드립니다!,"0부 치지직 웰컴 키트 오픈 + 카페 확인하기, 1부 메이플 새로운 패치 확인하기, 2부 스팀 게임 - 하데스 플레이",업로드
"8월 11일 명훈 방송 공지!

반갑습니다 사랑하는 시청자 여러분
오늘 9시~ 9시30분에 오겠습니당


오늘의 할 게임
오랜만에 -버블파이터-

[왜 버파해요 명훈님?]

어제 붕어컵을 너무 재밌게 즐겨서 간단하게 대회 열면 재밌겠더라고요

그래서 머릿속으로 흠 버파도 대회 한번 열어볼까? 하는 생각이 들어버렸습니다

아무래도 한번쯤은 즐긴 스트리머분들도 있겠지만 좀 생소할거라

오늘 한번 보면서 과연 열 수 있을까?도 보고

열려면 밸런스같은것도 어떻게 해야되나 알아보는 시간도 가져보도록 하겠습니다 ㅇㅅㅇ

이따가 유튜브에 산악회 영상도 올라오니 재밌게 봐주시고 좋아요도 많이 눌러주세요!",0,6개월 전(수정됨),8월 11일,9시~9시30분,대회 개최에 대한 고민,오랜만에 -버블파이터-,업로드
"오늘 6시 30분에 키겠습니다 ~~~ 손 적당히 풀고 7시에 바로 붕어컵-배틀그라운드 대회 두근두근!!
팀 누구 뽑힐까 ㅎㅎ!!!!!",0,6개월 전,오늘,6시 30분,손 적당히 풀고,바로 붕어컵-배틀그라운드 대회,미업로드
"8월 9일 방송 공지!!!!

으아 오늘 빨리 오려고 했는데 방송 끝나고 일하고 자느라 눈이 안떠졌군ㅜㅡㅜ

죄송합니다!!!!!!!!! 

오늘 7시에 오겠습니다!

내일 감블러님이 여는 배그 대회가 있어서

오늘,내일은 배그 연습이 있을 예정입니다!

어제 메이플 오랜만에 라이브를 봤는데

그냥 여러가지로 아쉬웠네요

최근에 9.9챌린지도 있어서

충분히 밸런스가 망가졌음을 인지하고 있음에도 불구하고

심지어 어제는 본인들이 말했지만 바뀌어야되는 

상황이 오면 바꾸겠다라고 얘기를 했는데

밸패 얘기 안하는거보고 걍 석이 나갔습니다

겨울까지 기다려 당해버림 ㅎㅎ

어제 리부트 일반월드화 되면서 아예 묻혔더라고요..

옛날 제로 밸패 절대 안해줄때 생각나서 

걍 제가 신경 안써야겠다 싶네요 ㅜ

메플은 지금처럼 할거 있을때 놀러오고 하겠슴다..

다들 스트레스 받지마시고 다 잘되길 ~~

이따 봅시다!!

﻿",0,6개월 전,8월 9일,7시,오늘은 배그 연습!,배그 연습,미업로드
"반갑습니다 사랑하는 시청자 여러분! 명예훈장입니다!!!

휴방하면서 밀린 일처리와 함께 앞으로 쇼츠도 공격적으로 운영하고 싶고

지금 편집 사이클이 잘 잡혀가고 있어서
메인 영상 편집자님과 쇼츠 편집자님 각 한분씩 총 두분을 모집하려고 합니다!

하단에 정리된 내용을 필독하시고 많은 지원과 관심 부탁드리겠습니다!!!!

[명예훈장 쇼츠 편집자 및 메인 영상 편집자 추가모집 안내]




모집인원 2명





※ 모집내용
- Shorts 편집자 1명 
- 메인 영상 및 썸네일 편집자 1명 



※ 업무 내용
- 명예훈장 유튜브 Shorts 영상 제작
- 명예훈장 유튜브 메인 영상 + 썸네일 제작



※ 지원 자격
- 성별 무관
- 성인이신 분
- 남자이실 경우 군필 혹은 군 면제자
- 해외여행 결격 사유가 없는 자



※ 우대사항
- 평소 명예훈장 방송을 자주 보시는 분
- 명예훈장 채널에서 메인으로 다루고 있는 게임 [로스트아크, 메이플스토리 등] 을 포함하여 각종 게임에 대한 이해도가 높으신 분
- 최신 트렌드를 잘 파악하고, 영상 및 썸네일에 잘 녹여낼 수 있는 분
- 소통이 원활하고 마감을 잘 지킬 수 있으신 분




※ 희망하시는 급여 방식과 급여 
- 채용 과정에서 충분한 상호 합의 후 결정합니다!
- 분당 , 건당 , 월급제 등 희망하시는 급여를 적어주세요!! (참고용으로 적는거라 부담없이 적어주십시오!!!)




※ 신청방법


- https://forms.gle/gR7NW8BvodYYw2f17

많은 지원 부탁드립니다!! 감사합니다!!! :>

신청 마감 8월 6일~ 8월 13일까지★",0,6개월 전(수정됨),8월 5일,없음,쇼츠 편집자 및 메인 영상 편집자 모집,없음,미업로드
"반갑습니다 사랑하는 시청자 여러분!

오늘 공지가 늦었습니다!!
드디어 멋봉리 서버도 끝!!!


이번에도 정말 열심히 달린 것 같습니다!!!
마크 서버 할때마다 항상 같이 완주해주시는 시청자분들 너무너무 감사합니다!
(유튜브 영상으로 맛있게 편집해서 올라오고 있어요! 오늘 영상도 재밌게 봐주세요!!)

이번에도 약 3주정도 열심히 달렸습니다!!!(서버 접속 시간 1위 후후)
매번 할때마다 재밌게 즐기자라는 마인드로 그릇까지 핥아먹는 것 같음...ㅋㅋㅋ
당분간은 마크 컨텐츠는 할 수 있어도 서버는 쉬고
새롭게 할만한 게임들 정해서 달려보겠습니다 ㅎ!!

배그도 하고 싶고 롤도 해보고 싶고 뭔가 하고싶은게 많군?!
종겜도 여러개 진행해볼게요!!!!

저는 아마 수요일까지 휴방할 예정입니다!!
이번에 휴식이라고는 하지만 밀린 일들 하는거라 조금 더 길어질수도 있습니다!!

휴방동안 해야될 일★

새로운 편집자님 구인(메인 편집자님/쇼츠 편집자님) 


구독 뱃지 리뉴얼 공모전(치지직 뱃지와 함께 유튜브 멤버십 뱃지도 리뉴얼됩니다!)

편집자 구인과 뱃지 공모전은 화요일날 공지로 올려드리겠습니다 (__)!! 
많은 관심 부탁드립니다!

치지직 계약 건 추가 전달

+ [8월 13일]부터 치지직 파트너 계약 진행으로 단독 송출이 시작됩니다! 잘 부탁드립니다!!

푹 쉬고 다시 열심히 할 준비 마치고 오겠습니다!!

항상 고맙습니다!! (__)",0,6개월 전,8월 10일,약 3주간,"휴방 예정, 새로운 게임 도전",종겜 다수 진행 예정,업로드
"반갑습니다 사랑하는 시청자 여러분!!
날씨 뭐임 배달 받으려고 밖에 문만 열어도 열기가 크아아악;;


다들 더위 조심하십셔....



오늘 방송은 집에 어무니 오셔서 맛난거 먹고 휴식좀 하겠습니다!!!!!


(원래 오늘 방송하려고 했는데.... 이제 강화는 해탈해버렸음...ㅋㅋㅋㅋㅋ
다시보기 채널에 올라왔습니다.. 어제 많은 위로 감사합니다!!)



최근 또 마크서버 멋봉리를 열심히 달리느라 평균 방송 시간이 매우매우 길었네요..
(1일차 31시간 호우;;)


이번에도 열심히 퍼먹은 것 같습니다 요즘 마크 방송인됨....ㅋㅋㅋㅋ
8월 중순에 건벤져스 서열정리 컨텐츠도 진행 예정입니다!! 많이 기대해주십쇼!!ㅋㅋㅋ



내일은 멋봉리 마지막 날!



잘 마치고 다음 컨텐츠들도 이제 구상해서 재밌는 방송으로 찾아뵙겠습니다!


초대해준 물쥐형 넘 고맙고! 서버 열어준 남봉&멋사님 넘 감사드리옵니다~~



이제 본업도 좀 해야되고 로아도 8월 초각성 나오고 하니
재밌는거 많이 찍어봅시닷!



(게임 뭐 할지 고민좀 하고..+컨텐츠들도 찍고!!!
이번에 일요일 방송 마치고
월요일부터 2~3일정도 휴방이 있을 예정입니다!
진짜 모든 할일 다 마치고 복귀 예정!!)



이번에도 열심히 달렸는데 마무리까지 잘 해보자고요!!
허헣 내일 뵙겠습니다!



항상 고맙습니다!!",0,6개월 전,8월 중순,휴방 예정,재밌는 방송 기대해주세요!,건벤져스 서열정리 컨텐츠,미업로드
"반갑습니다 사랑하는 시청자 여러분!

멋봉리 서버 휴식날이라 오늘 저도 쉬면서 밀린 일처리 끝내고 있습니다!
치지직 계약건때문에 밖에 다녀왔는데 으어 오늘 엄청 더웠다;; 폭염 아니여 이정도면ㄷㄷ;;

내일 방송은 12시 오픈런 진행하겠슴다!
+저녁에 산악회!

오늘 일 잘 끝내고 내일 와서 재밌게 또 달려보겠습니다~

오늘도 유튜브 영상 재밌게 봐주시고요!
다시보기 채널에 어제 방송 올라왔습니다!! 다시보기 채널 활성화 완료했으니 많이 봐주세요!

저녁 챙겨드십쇼 +_+ 다시 일하러.... 내일 봅시다~~",0,6개월 전,내일,12시,휴식날 끝내고 일정 시작,"오픈런 진행, 산악회",업로드
"반갑습니다 여러분!
오늘 방송은 3시입니다!!!! + 오늘 유튜브 영상 올라올 예정!



어제 최초 7강 달성해서 공룡도 한번 잡으러 가볼게요!!!!!

이따봅시다!",0,6개월 전,오늘,3시,반갑습니다 여러분!,공룡 잡으러 가기,업로드
"피곤하다..... 내일 준비 완료 거의 다 했네요 ㅎㅎ
70렙 하루 종일해서 찍어왔습니다 ㅠㅠ 더 강해졌다!!! 내일 에기르 퍼클 파이팅 해보겠습니다!!!!

아침에 봐요~
(카제로스 레이드 제 1막 '에기르' 오픈런 합니다! 9시 30분쯤 킬 예정!)",0,6개월 전,내일,아침 9시 30분,피곤하지만 파이팅!,카제로스 레이드 제 1막 '에기르' 오픈런,미업로드
"반갑습니다 여러분!
오늘도 열심히 달렸다!!!! 이번 연도는 정말정말정말 빡세게 달리는 것 같습니다
항상 함께해주시는 시청자분들께 진심으로 감사드립니다 (__)!!

유튜브에 오늘 올라올 멋봉리 1화 영상도 많이 봐주세요!!ㅎ.ㅎ!

오늘은 공지 하나 하고 가겠습니다!

내일 (7.24)에 로스트아크 카제로스 레이드 제 1막 '에기르'가 나오는 날입니다!
65레벨만 찍으려고 했는데.. 아무래도 딜 기여를 더 하기 위해서
오랜만에 피시방 가서 큐브를 다 태워볼 생각입니다. 하루 휴방하도록 하겠습니다! (__)

제가 방종할때 멋봉리 파밍을 야무지게 해놔서
오늘도 오겠다고 얘기는 했는데.. 방종하고 생각해보니
퍼클런은 한번뿐이라 쟁여뒀던 큐브들을 다 써서 70레벨을 찍고 트라이해보려고 합니다!

큐브 100번 도는건 아무래도 여러분들께서 좀 지루할 수 있으니
PC방가서 후딱 빼고 오늘 할일들+숙제들도 다 하고 오겠습니다!

멋봉리 도파민은 로아 레이드 끝나고 한번 달려볼게요! 고맙습니다!!

그리고 말씀드릴게 있습니다! 중대발표입니다.

배트의 새로운 도전.....
8월 중순부터 치지직에서 파트너 스트리머로 방송을 진행하게 되었습니다!

주소 : https://chzzk.naver.com/5d53f8fa5bef9...
많은 팔로우 부탁드립니다!!!!!

우선 아프리카TV 시청자분들과 유튜브 청자분들께!
파트너 스트리머가 되면 동시 송출 진행을 못하기때문에
8월 중순에 본격적으로 단독 송출을 진행하게 될때 다시 한번 공지드리도록 하겠습니다.

다들 배트명훈은 동시 송출을 계속 진행하실거라고 생각하셔서 
놀란 분들이 계실듯합니다.

트위치가 터지고 난 직후 치지직과 미팅을 3번 진행했습니다..!
엄청 많이 했죠 허허ㅋㅋ..

다양한 플랫폼에 나를 노출시키고 좀 더 명예훈장이라는 사람을 보여주자!
라는 생각으로 3사 송출을 진행해온지 벌써 몇년이라는 시간이 흘렀는데

시작한지 1년 안된 플랫폼인데
단기간에 끌어올리려는 노력과 여러가지 로드맵을 보고
7개월의 고민 끝에 함께하기로 결정했습니다..!
부족한 저에게 삼고초려 해주셔서 감사합니다. (__)

하나의 플랫폼만 키는게 아프리카TV 이후로는 오랜만이여서
같은 자리에서 방송을 키는건데 괜히 낯선 느낌이 들 것 같아요.

항상 그랬듯이 언제나 열심히 해보겠습니다.

아프리카TV 시청자분들이랑 유튜브 시청자분들께

시청해주신 여러분들께 죄송한 마음이 큽니다.

8월 중순부터 단독 송출을 진행하게 되면서
혹시나 플랫폼이 맞지 않아서 아쉽게 방송을 챙겨보지 못하는 분들을 위해서
체계적으로 유튜브도 운영하면서 생방송과 유튜브 둘 다 정말 정말 잘 해보겠습니다!

여러분들의 배트는 새로운 둥지에서 새로운 도전을 해보기로 했습니다.
많이 응원해주세요!

영상으로 한번 더 올라오게 될 예정입니다.

항상 공지는 어떻게 써야될까 고민하다가 너무 오랜 시간을 쓰게 되네요.
다들 오늘도 좋은 하루 행복한 하루 되시길 바랍니다!

유튜브 다시보기 기능은 앞으로도 
'명예훈장 다시보기' 채널에 바로바로 올라옵니다!
명집자분들께서 최대한 빠르게 썸네일 적용해서 올려드릴테니 다들 많은 사랑 부탁드려요!


-요약 / 에기르 레이드 때문에 오늘 휴방, 전투 렙 70찍고 옵니다.
          / 8월 중순부터 치지직과 파트너 스트리머 계약을 맺었습니다.
            단독 송출로 진행됩니다. 한번 더 공지드리겠습니다 사랑합니다 감사합니다 (__)",0,6개월 전,7.23,휴방,에기르 레이드 때문에 휴방,전투 렙 70찍고 옵니다,업로드
"안녕하세요 명예훈장입니다
최근 JTBC 인터넷 기사 (https://www.youtube.com/watch?v=sknY5...)에서
무단으로 저의 사진을 게시 하였다는 팬분들의 문의를 받았습니다.
해당 기사가 부정적인 내용을 담고 있어, 혹시 오해하시는 분이 있을까 봐 이 글을 작성합니다.
저는 해당 기사와는 무관하오니 오해 없으셨으면 좋겠습니다!!

감사합니다 ~!",0,6개월 전,2022년 3월 15일,20:00,오해 없으셨으면 좋겠습니다!,게임 플레이 및 대화,업로드
"7월 18일 방송 공지!! (공지 수정되었습니다! 4시 30분에 옵니다!)

어제 멋봉리 1일차 한번 달려봤는데 오늘도 가보자규

어제 플탐 31시간(?)을 찍어버렸습니다 ㄷㄷㄷ 우오!!
오늘 4시 30분에 오는거로 수정!!!! (일정 변경!)
죄송합니닷!

오늘 8시 산악회 엘라엘라 준비 완료/보석 준비 하느라 조금 늦었스요! 후딱 씻고 와야지!!

그리고 오늘 멋봉리 친구를 한명 초대할 예정입니당 이따 봅시다!!!",0,6개월 전(수정됨),7월 18일,4시 30분,일정 변경 죄송합니다!,멋봉리 친구 초대,미업로드
"7월 16일 방송 공지입니다!
오늘 방송 9시쯤 on

치지직 스트리머 마크 섭 멋봉리 오늘 들어갈예정!
가서 돈 빡세게 벌고 쥐버지 빚부터 갚겠습니다
오늘 카페 좀 보다가 ㄱㄱ~~",0,6개월 전,7월 16일,9시,돈 벌고 빚 갚기,카페 방문,미업로드
"반갑습니다! 7월 15일 방송 공지입니다!
오늘 멋봉리 서버 오픈날~!이지만
초대가 한 6~8시간 걸릴 수 있다고해서 오늘은 배그데이 레츠고!

*수정 돈 벌기가 많이 빢세서 천천히 초대받는거로 했씁니다요 쥐버지 기다릴게!!!!!!

오늘 피응신단 섭외 + 삼식형이랑 배그 퐈티 갑니다!

8시부터 마뫄 명훈 삼식부터 레츠고
10시에 서넹누나 합류할듯요 ㅇㅇ;; 이따봅시다잉?
8시 전에 올게용!",0,7개월 전(수정됨),7월 15일,8시부터,멋봉리 서버 오픈날!,피응신단 섭외 + 삼식형이랑 배그 플레이,미업로드
"반갑습니다!  7월 14일 방송 공지!!
일요일 방송은 휴방입니다!!

어우 어제 방종하기전에 갑자기 허리가 엄청 아팠는데
근육통인가 싶기도 하고; 파스 붙이니까 좀 나아졌음요 ㅎㅎ 걱정해주신분들 감사합니다!

오늘 유튜브 배그 영상 올라왔으니 재밌게 봐주십쇼 ㅎㅎ!!(좋아요 많이 눌러줭!!)

내일부터 치지직 마크서버 멋봉리 서버가 오픈됩니다!!
이번에 물쥐형이 초대해준다고 해서 재밌게 또 즐겨보겠습니다 ㅎ

호랑이도 있고 코끼리도 있다고 하네요ㄷㄷㄷㄷ
힐링서버 기대중..ㅋㅋㅋ

오늘 할일도 다 마무리하고 숙제들도 쭉 밀고 오겠습니다!

+앞으로 다시보기는 명훈 다시보기 채널에 계속 올라옵니다!!!
(메인 들어가시면 이전 실시간 스트림에서 쭉 볼 수 있습니다! 앞으로 요기로 계속 진행할게요!!)

그럼 저녁 맛있게 드시고 내일 봅시다 =v= b",0,7개월 전,7월 14일,휴방,"허리 아픔, 감사합니다!",없음,업로드
"반갑습니다ㅏㅏㅏㅏ

오늘의 방송 일정

7시 10~20분쯤 킵니당!!

8시 시즌3 되고 처음 모이는 산악회 ㄱㄱ!
끝나고 뒤풀이 or 파티 모아서 배그!!!!",0,7개월 전,7월 10일,7시 10~20분,반갑습니다!,시즌3 산악회 모임,미업로드
"9시에 옵니다!!!!!!

오늘 유튜브 컨텐츠 찍을 예정
RPG 악귀의 삶

오늘 메랑 로 함 하께요잉

컨텐츠 하고 멤버 있으면 배그 2부 GOGO",0,7개월 전(수정됨),오늘,9시,RPG 악귀의 삶,메랑 로 함,미업로드
"사랑하는 시청자 여러분 반갑습니다!
오늘은 2시~3시쯤 오도록 하겠습니다!!

유튜브 업로드 일정

PM 12시 - 드디어 시작된 로아 시즌3 쿠르잔 북부 스토리 풀 영상!
PM 6시 - 2히든을 발견한 명훈의 마지막 악어의 놀이터 영상 -완-

다들 유튜브 좋아요&구독 한번씩 꼭 부탁드립니닷!!!!

생방송 일정 - 오늘은 배그 람보르기니 스킨 나왔다고 해서 배그 함 드가보겠슴다ㅋㅋ 이따 봐요잉!!",0,7개월 전,오늘,2시~3시쯤,사랑하는 시청자 여러분 반갑습니다!,배그 람보르기니 스킨 나왔다고 해서 배그 함 드가보겠슴다ㅋㅋ,업로드
"사랑하는 시청자 여러분 반갑습니다
오늘도 왤케 일이 많았쥬;;;

컴 갑자기 안켜져서 집에 스마트컴 직원분 오셔서
고쳐주심(사유는 램.. 저번에 A/S 받았는데 또 새거로 교체할예정)

편집자분들이랑 유튭 회의도 완료했습니닷
업로드 일정
7월9일(오늘) 산악회 집들이 영상 업로드됩니다!
7월10일 악놀2 공성전 1~2일차
7월11일 로아 시즌3영상
7월 12일 악놀2 마지막 영상

15일까지 업로드 예정되어있고
15일 전~ 후부터는 멋봉리 + 로아 + 배그 업로드 예정임다!

산악회 집들이 영상은 유튭 컨펌도 해야돼서 오늘 휴방하고
내일 로아 시즌3 준비랑
숙제 다 끝내고 오겠습니다 =v=b

항상 감사합니닷(__)

ps.내일 친누나 생일 ㅊㅋ
레전드 대화 유출;;",0,7개월 전,7월9일,휴방,일이 많았쥬;;;,산악회 집들이 영상,업로드
"오늘 방송공지!!!
10시 10분쯤 오겠습니다!!!!
어제 14시간 달리고 아침에 일처리좀 하다가 잤더니 넘 늦게 일어났네요 크아악 ㅠ.ㅠ
오늘 배그 2일차 가보겠슴다 ㅎㅎ 어제 졸잼이였다..!!

치킨묵으러 ㄱㄱㄱ",0,7개월 전,오늘,10시 10분,잠을 너무 많이 잤네요,배그 2일차 플레이,미업로드
"오뱅 7시30분 전으로ㄱㄱㄱ

푹 쉬었당!!!

건벤 회식 & 산악회 집들이 썰 풀고

오늘 총게임 뉴비(?) 배그 한번 해볼듯요

이따 봅시당 밥묵는중이라 밥묵고 씻고 바로올게요~~

﻿",0,7개월 전,7월 30일,7시30분,푹 쉬었당!!!,"회식 & 산악회 이야기, 배그 게임",미업로드
"사랑하는 시청자 여러분
오랜만입니다

오늘 브이로그 찍어왔음요

(많이는 못 찍음ㅜㅜㅎㅎ나중에 유튭 올릴게여)

제 집들이겸해서 산악회 모였는데 재밌게 놀고 있슴다

일요일부터 복귀할게요ㅎ

내일 봅시다 ㅇㅅㅇb

﻿",0,7개월 전(수정됨),오늘,없음,오랜만에 브이로그 찍었어요,산악회 모임,미업로드
"사랑하는 시청자 여러분 반갑습니다!!
어우 어제 건벤져스 회식 다녀오고 집에 와서 조금 잤다가
스마트컴 사장님 잠깐 뵙고와서 지금 공지씁니다!!!

밀린 일들이 너무 많은데 2달동안 버닝모드로 달려서
배터리가 완전 방전되었습니다,..

초비상 상태로 전환해서 강제 휴식기를 좀 갖겠습니다
오늘 썰풀이하려고 했는데 몸이 따라주질 않는구만요
미안하다ㅏ..

길면 금요일까지 휴식하고 토요일 산악회 집들이로 올 것 같습니다!

쉬는 동안 유튭 구상도 좀 하고 할일 다 마치고 올게용
(유튭도 재밌게 봐주세요!!)

잠을 좀 보충해야겠다...
턱붕이분들도 같이 달렸으니 푹 쉬고
좋은 텐션으로 만납시닷",0,7개월 전,2일,없음,휴식 필요한 상태,썰풀이 예정,미업로드
"건벤져스 회식ㅎㅎ
오늘 휴방입니다 고기 많이 먹고 올게요
(인스타 스토리 또 올리겠씀!!!!)",0,7개월 전,오늘,휴방,고기 많이 먹고,회식,미업로드
"반갑습니다 사랑하는 시청자 여러분!
악어의놀이터2
두달간의 여정 끝에 드디어 마무리가 되었습니다..!!
후련하기도 하고 벌써 그리워지네요 ㅎㅎ..!

후회 없이 즐겼다.. 진짜 이번만큼 불태운적이 없을정도로 ㅋㅋㅋㅋ..

제가 원래 판타지 소설,웹툰 되게 좋아하는데
근들갑 좀 보태서..
이번에 서사 한번 써보라고 하면 앞부분 나름 맛있게 전개될 판타지 소설을
여러분들께 보여드린 느낌ㅋㅋㅋㅋ

이 정도로 만족해서 즐길만큼 재밌는 서버였다 하핫ㅎ

서버 열어준 악어형,그리고 제작자분들,운영진분들 다시 한번 너무 고맙습니다!

2달간 RPG서버 달리는만큼 진짜 현생을 챙기기 어려웠는데
같이 달려준 명집자분들 너무 고맙습니다, 시청해주신 생방송,유튜브 청자분들께도 너무 감사하다는 말씀드려요!

건벤져스를 응원해준 시청자분들 고맙습니다!
추후에 서열 정리 컨텐츠, 뒤풀이도 있을듯합니다 ㅎ!
 
ㅡㅡㅡㅡㅡㅡㅡㅡㅡㅡㅡㅡㅡㅡㅡㅡㅡㅡㅡㅡㅡㅡㅡㅡㅡㅡㅡㅡㅡㅡㅡㅡㅡㅡㅡㅡㅡㅡㅡㅡㅡㅡㅡㅡㅡㅡ
이제 멈춰있던 세상을 움직여야겠죠?
일정표 공유해드립니다

우선 순위

1. 악놀2 영상 마무리까지 업로드
2. 엘든 링(생방송,유튜브도 맛있게 나오면 추가 업로드)
3. 7월 10일부터 로스트아크 시즌3 + 산악회 영상

메이플 신규 보스 림보같은경우에는 제가 라이트 유저가 되어버려서(레벨 288..)
추후에 도전해볼 예정입니다!
그리고 호영 살려내!!!!!!!!!!!!!!!

로아는 일단 시즌3가 되면서 바뀌는게 너무 많아서
템포 어느정도 따라가볼 예정입니다. 버스트 보석도 맞추고 스마게한테 흡성대법 제대로 당하겠네요.

ㅡㅡㅡㅡㅡㅡㅡㅡㅡㅡㅡㅡㅡㅡㅡㅡㅡㅡㅡㅡㅡㅡㅡㅡㅡㅡㅡㅡㅡㅡㅡㅡㅡㅡㅡㅡㅡㅡㅡㅡㅡㅡㅡㅡㅡㅡㅡ

두달간 악놀2를 하면서 많은 도전이 있었습니다!

하루에 평균 15~18시간 방송을 하면서..
유튜브 관리하기가 너무너무 어려웠는데 그 와중에 금요일 쉬는 날 회의때마다
편집자분들이랑 모여서 열심히 회의한 결과!

유튜브에도 새로운 도전을 해봤고
(풀 자막이 아닌 풀 영상 느낌의 컷 편집으로 최대한 빠른 편집본 업로드)

그리고 1달간 경과를 보고
그 이후에는 다시 한번 기존의 편집 스타일로도 유지를 해보기도 했고..
제 채널에서 시도해보지 않았던 영역의 도전이여서 유의미한 데이터를 뽑아냈습니다!

유튜브가 미래다.. 유튜브 좋아요 많이 많이 눌러주시고
더 열심히 해보겠습니닷 (__)! 

ㅡㅡㅡㅡㅡㅡㅡㅡㅡㅡㅡㅡㅡㅡㅡㅡㅡㅡㅡㅡㅡㅡㅡㅡㅡㅡㅡㅡㅡㅡㅡㅡㅡㅡㅡㅡㅡㅡㅡㅡㅡㅡㅡㅡㅡㅡㅡㅡ

이제 해보고 싶은 것

추후에 7월 15일부터 시작되는 치지직 마인크래프트 힐링(?) 서버
멋남 서버에 초대받기 전까지는 위에 공유드린 일정표로 방송을 진행할 것 같고요!

그 와중에 합방 일정이 추가되면 추가로 공지해드리도록 하겠습니다.

이번에 시즌3가 되면서 로아가 바뀌는 부분이 제일 많을거라
패치된 이후로는 유튜브에 로아의 비중이 좀 생길 것 같습니다!

그리고 밀렸던 브이로그들도 조금씩 찍어보겠습니다!


막상 서버가 끝나면 휴식해야지.. 푹 쉬어야지 했는데
이렇게 보니까 컨텐츠랑 게임 해보고 싶은게 너무 많아서
쉰다면 적당히 쉬고 바로 달려볼 것 같네요 ㅋㅋㅋㅋ..

새벽에 공지가 좀 길었죠?! 미안합니다 제가 원래 좀 장문충입니다!!!!!
악놀2 영상 정주행하실분들 새벽에 한번 드셔주시고요!

오늘 방송은 낮에 엘든 링으로 찾아뵙겠습니다. 그럼 안녕~",0,7개월 전,7월 10일,낮에 엘든 링으로,악놀2 영상 마무리,엘든 링 생방송,미업로드
"오늘 낮에 오려했는데 체력 이슈ㅜ.ㅜ


투데이 일정

악놀 마무리 이후 건벤 뒤풀이 없으면

엘든 링(노영체 클로 모험)

이렇게 진행될 예정입니다!!!



이따 봅시당

﻿",0,7개월 전,오늘,낮,체력 이슈 ㅜ.ㅜ,"악놀 마무리, 건벤 뒤풀이, 엘든 링(노영체 클로 모험)",미업로드
"반갑습니다 사랑하는 시청자 여러분!
오늘 몇주만에 휴방이지? 완전 푹 잤네.. 오늘 저녁메뉴추천좀요 ㅎㅎ(사실 아침임)

피로 누적이 된 것 같은게
아침에 잠깐 일 관련 전화가 있었는데 꿈인가 싶어서 다시 확인해보니까
진짜 통화기록이 있었다고 한다.. 충격......ㅋㅋㅋㅋㅋ

길고 길었던 악놀2도 곧 막을 내리게 됩니다!
이제 일요일 섭종 ㅠvㅠ.. 벌써 섭종이라니 슬프군....

2달동안 후회 없이 열심히 달렸다..
RPG가 가득해서 개꿀잼이였습니당
판타지 소설이랑 웹툰 좋아하는 사람은 히든직업 못 참아~~~~~

이번에 턱붕이들 도파민 최대치 주입해놨다!!!!!!
2달동안 함께해줘서 고맙고 앞으로도 잘 부탁드립니닷!!!

토요일~일요일에는 마구 놀러다녀볼 것 같습니다ㅋㅋㅋㅋㅋ
토요일 마지막 공성전은 분탕스틸길드 반드시 가야지!

7월부터는 메이플,로아,엘든 링,멋남서버도 있다!!!
쉴거 쉬고 할거 하고 유튜브도 방송도 열심히 달려보겠습니다!

그럼 다들 좋은 저녁 보내시고 토요일날은 널널하게 오겠습니다 ㅎ
일찍 올수도 있음!!!!!ㅎㅎ",0,7개월 전,7월 3일,오후 8시,토요일은 널널하게!,토요일 마지막 공성전,업로드
"반갑습니다 사랑하는 시청자 여러분!
오늘은 2시 30분쯤에 오도록 하겠습니다!!
어우 어제 공성전하고 피드백하느라 기절하고 왔네요

침대쟁은 처음해보는데 꽤 어려웠던 것 같습니다 오늘은 좀 더 잘해보겠습니다!!!!!
파밍하고 공성전 2일차는 총 3시간으로 쟁 시간이 1시간 줄어들었습니닷
침착하게 가보자구 이따 봅시다!",0,7개월 전,,2시 30분,침대쟁은 어려웠던 것,"파밍, 공성전",미업로드
"반갑습니다 사랑하는 시청자 여러분!!!
공지를 계속 쓴다고는 하는데 매번 방송이 안꺼지고 있어서 공지를 못 쓰고 있었다!!!! 미안해요 ㅠㅠ

오늘 너무너무 감사했습니다 ㅠ.ㅠ!!!!
다들 건실하지만 강화 억까를 너무 당했는데 강화도 중간에 혈 뚫리고..
저녁에 보물도 넘 잘 찾고 api 들어오고 시청자분들께 너무너무 많이 도와주셔서
정말 많이 올라왔어요!! 다들 신난게 눈에 보여서 기쁜 하루였다!!ㅋㅋㅋ

이제 악놀2도 최종장.....!
최후의 길드 공성전으로 들어가보겠습니다 가자 건벤져스!!

저녁 10시부터 진행한다고 합니다!! 
이번주는 지옥주로 계속 달려보겠습니다!! 으아아 달려보자!

아 그리고
오늘 영상 올라올 예정이니 재밌게 봐주시고 좋아요&구독&댓글 많이 부탁드리겠습니다 ㅎ!!!
-------------------------------------------------------------------------------------------------------------------------------------------------------------
근데.. 왜 며칠 뒤에 7월이죠!?! 2024년 된지 어제 아니였냐.......ㅋㅋㅋㅋㅋ
열심히 방송 달리다보니 벌써 반년이 지나있네..ㅎㅎ;;

에라잇 저는 더 열심히 해보렵니다~~

싸랑합니다~~!!",0,7개월 전,2024년 7월,저녁 10시,열심히 방송 달리자!,최후의 길드 공성전,업로드
"반갑습니다 사랑하는 시청자 여러분!!
오늘은 악놀2 전설 스킬,전설 무기 제작하는 날!!!!!!!!!!!
12시 오픈런 가자 ! 바로 방송 킬게요!!!!! 하하핳

유튜브 재밌게 봐주시고 구독&좋아요&알람설정도 꼭 부탁드림다 ㅎㅎ!!",0,7개월 전,,12시,"악놀2 전설 스킬,전설 무기 제작","악놀2 전설 스킬,전설 무기 제작",업로드
